#
# There is insufficient memory for the Java Runtime Environment to continue.
# Native memory allocation (mmap) failed to map 191889408 bytes. Error detail: G1 virtual space
# Possible reasons:
#   The system is out of physical RAM or swap space
#   This process is running with CompressedOops enabled, and the Java Heap may be blocking the growth of the native heap
# Possible solutions:
#   Reduce memory load on the system
#   Increase physical memory or swap space
#   Check if swap backing store is full
#   Decrease Java heap size (-Xmx/-Xms)
#   Decrease number of Java threads
#   Decrease Java thread stack sizes (-Xss)
#   Set larger code cache with -XX:ReservedCodeCacheSize=
#   JVM is running with Unscaled Compressed Oops mode in which the Java heap is
#     placed in the first 4GB address space. The Java Heap base address is the
#     maximum limit for the native heap growth. Please use -XX:HeapBaseMinAddress
#     to set the Java Heap base and to place the Java Heap above 4GB virtual address.
# This output file may be truncated or incomplete.
#
#  Out of Memory Error (os_windows.cpp:3679), pid=9528, tid=14468
#
# JRE version: OpenJDK Runtime Environment Microsoft-10376486 (17.0.13+11) (build 17.0.13+11-LTS)
# Java VM: OpenJDK 64-Bit Server VM Microsoft-10376486 (17.0.13+11-LTS, mixed mode, sharing, tiered, compressed oops, compressed class ptrs, g1 gc, windows-amd64)
# No core dump will be written. Minidumps are not enabled by default on client versions of Windows
#

---------------  S U M M A R Y ------------

Command Line: -XX:MaxMetaspaceSize=512m --add-opens=java.base/java.util=ALL-UNNAMED --add-opens=java.base/java.lang=ALL-UNNAMED --add-opens=java.base/java.lang.invoke=ALL-UNNAMED --add-opens=java.prefs/java.util.prefs=ALL-UNNAMED --add-exports=jdk.compiler/com.sun.tools.javac.api=ALL-UNNAMED --add-exports=jdk.compiler/com.sun.tools.javac.util=ALL-UNNAMED --add-opens=java.base/java.nio.charset=ALL-UNNAMED --add-opens=java.base/java.net=ALL-UNNAMED --add-opens=java.base/java.util.concurrent.atomic=ALL-UNNAMED -Xmx2048m -Dfile.encoding=windows-1252 -Duser.country=IN -Duser.language=en -Duser.variant -javaagent:C:\Users\hp\.gradle\wrapper\dists\gradle-8.10.2-all\7iv73wktx1xtkvlq19urqw1wm\gradle-8.10.2\lib\agents\gradle-instrumentation-agent-8.10.2.jar org.gradle.launcher.daemon.bootstrap.GradleDaemon 8.10.2

Host: 12th Gen Intel(R) Core(TM) i3-1215U, 8 cores, 7G,  Windows 11 , 64 bit Build 22621 (10.0.22621.4391)
Time: Tue Feb 11 16:17:17 2025 India Standard Time elapsed time: 18352.842035 seconds (0d 5h 5m 52s)

---------------  T H R E A D  ---------------

Current thread (0x000001fdd5bcdee0):  VMThread "VM Thread" [stack: 0x00000008b3800000,0x00000008b3900000] [id=14468]

Stack: [0x00000008b3800000,0x00000008b3900000]
Native frames: (J=compiled Java code, j=interpreted, Vv=VM code, C=native code)
V  [jvm.dll+0x687fc9]
V  [jvm.dll+0x83eeb8]
V  [jvm.dll+0x840963]
V  [jvm.dll+0x840fd3]
V  [jvm.dll+0x24951f]
V  [jvm.dll+0x684f89]
V  [jvm.dll+0x6794aa]
V  [jvm.dll+0x30ad27]
V  [jvm.dll+0x312296]
V  [jvm.dll+0x362bde]
V  [jvm.dll+0x362e1d]
V  [jvm.dll+0x2e1fbc]
V  [jvm.dll+0x2e0369]
V  [jvm.dll+0x2dfacc]
V  [jvm.dll+0x32267b]
V  [jvm.dll+0x84580d]
V  [jvm.dll+0x846543]
V  [jvm.dll+0x846a6f]
V  [jvm.dll+0x846e54]
V  [jvm.dll+0x846f1e]
V  [jvm.dll+0x7eea6c]
V  [jvm.dll+0x686ea7]
C  [ucrtbase.dll+0x29333]
C  [KERNEL32.DLL+0x1259d]
C  [ntdll.dll+0x5af38]

VM_Operation (0x00000008bf4fd1f0): G1CollectForAllocation, mode: safepoint, requested by thread 0x000001fd84d2e3f0


---------------  P R O C E S S  ---------------

Threads class SMR info:
_java_thread_list=0x000001fd8512a240, length=177, elements={
0x000001fdb7740300, 0x000001fdd5bd18c0, 0x000001fdd5bd3750, 0x000001fdd5bea3c0,
0x000001fdd5bebea0, 0x000001fdd5bee870, 0x000001fdd5bef230, 0x000001fdd5bf3ff0,
0x000001fdd5bf4aa0, 0x000001fdd5bf9c60, 0x000001fdf50b6100, 0x000001fdf51687a0,
0x000001fdf6d6c390, 0x000001fdf5ad8b90, 0x000001fdf6d03ab0, 0x000001fdf702a580,
0x000001fdf702a070, 0x000001fdf702afa0, 0x000001fdf702b9c0, 0x000001fdf702bed0,
0x000001fdf7b58e90, 0x000001fdf7b551d0, 0x000001fdfa02c740, 0x000001fdf93029b0,
0x000001fdf9301f90, 0x000001fdf9304d20, 0x000001fdf9307ab0, 0x000001fdf9301060,
0x000001fdf7f9f8d0, 0x000001fdf51c9040, 0x000001fdf61e5dc0, 0x000001fdf61e62d0,
0x000001fdf61eb8e0, 0x000001fdfe35a560, 0x000001fdfe35aa70, 0x000001fdfe353600,
0x000001fdf61ea9b0, 0x000001fdf7f9f3c0, 0x000001fdf7f9da70, 0x000001fdfc0502c0,
0x000001fdfc04c0f0, 0x000001fdfc052630, 0x000001fd85445760, 0x000001fdfd9bbf80,
0x000001fdfd9bba70, 0x000001fd85446690, 0x000001fd85446180, 0x000001fdf784dfa0,
0x000001fdf784da90, 0x000001fdf784e4b0, 0x000001fdf784d070, 0x000001fdf784e9c0,
0x000001fdf784d580, 0x000001fdfe26bc20, 0x000001fdfe26b200, 0x000001fd856363c0,
0x000001fdfd9bb050, 0x000001fdf8617020, 0x000001fdf86160f0, 0x000001fdf86156d0,
0x000001fd856359a0, 0x000001fd85635490, 0x000001fd85635eb0, 0x000001fd856368d0,
0x000001fd85634f80, 0x000001fd8c5bda90, 0x000001fd8c5be9c0, 0x000001fdf8616600,
0x000001fdfe26c640, 0x000001fdfe26cb50, 0x000001fdfe2693a0, 0x000001fdfe2698b0,
0x000001fdfe26a2d0, 0x000001fdfe26acf0, 0x000001fdfbda41c0, 0x000001fd8c5bd070,
0x000001fdfd9bb560, 0x000001fdfd9ba630, 0x000001fdfbda5b10, 0x000001fdfbda6530,
0x000001fdfbda3290, 0x000001fdfbda46d0, 0x000001fdf8616b10, 0x000001fd85445c70,
0x000001fd85445250, 0x000001fd85446ba0, 0x000001fd8c5bb8e0, 0x000001fd8c5ba9b0,
0x000001fd8c5b9570, 0x000001fd8c5baec0, 0x000001fd8c5bbdf0, 0x000001fdfe26b710,
0x000001fdfe26c130, 0x000001fdfe269dc0, 0x000001fdfe26a7e0, 0x000001fd8c0afea0,
0x000001fd8c0b2210, 0x000001fd8c0b03b0, 0x000001fdfa02d670, 0x000001fd8c0b08c0,
0x000001fd8c0b0dd0, 0x000001fd8c0b12e0, 0x000001fd8c0b17f0, 0x000001fd8c0b2720,
0x000001fd8c0b1d00, 0x000001fd8c0b3140, 0x000001fd8c0b2c30, 0x000001fd8c0b3650,
0x000001fdfebd4830, 0x000001fdfebd1590, 0x000001fdfebd3900, 0x000001fdfebd24c0,
0x000001fdfebd33f0, 0x000001fdfbda2d80, 0x000001fdfbda4be0, 0x000001fd85359900,
0x000001fd853593f0, 0x000001fd85357fb0, 0x000001fd853584c0, 0x000001fd853589d0,
0x000001fdfa02e090, 0x000001fdfa02a8e0, 0x000001fdfa02e5a0, 0x000001fdfa028060,
0x000001fdfa028f90, 0x000001fdfa02b810, 0x000001fdfa0294a0, 0x000001fdfebd1fb0,
0x000001fdfebd1080, 0x000001fdfebd4320, 0x000001fdfebd29d0, 0x000001fdfebd1aa0,
0x000001fdfebd2ee0, 0x000001fdfebd3e10, 0x000001fdfa029ec0, 0x000001fdfbda6020,
0x000001fdfbda37a0, 0x000001fdfbda3cb0, 0x000001fdfbda5600, 0x000001fd84bb0360,
0x000001fd84baea10, 0x000001fd84bad5d0, 0x000001fdfe0a81f0, 0x000001fdfe0a5970,
0x000001fdfe0a72c0, 0x000001fdfd9bab40, 0x000001fd84d2e900, 0x000001fd8c5b9060,
0x000001fd8ac34cd0, 0x000001fd84d2c590, 0x000001fd8c5bd580, 0x000001fdfe0a7ce0,
0x000001fd8c5bdfa0, 0x000001fd84d2ee10, 0x000001fdfe0a8700, 0x000001fd859a3e60,
0x000001fd859a3950, 0x000001fd859a4880, 0x000001fd859a4d90, 0x000001fd859a7100,
0x000001fd859a52a0, 0x000001fd859a61d0, 0x000001fd859a66e0, 0x000001fd84d2cfb0,
0x000001fd84d2dee0, 0x000001fd84d2d4c0, 0x000001fdfe9334c0, 0x000001fd8ac31520,
0x000001fd84d2e3f0, 0x000001fdfa02adf0, 0x000001fdfc0465d0, 0x000001fd8c5bc300,
0x000001fdfc046ff0, 0x000001fd8ac33da0, 0x000001fdfe0a5e80, 0x000001fdfc044770,
0x000001fd84d2d9d0
}

Java Threads: ( => current thread )
  0x000001fdb7740300 JavaThread "main" [_thread_blocked, id=4104, stack(0x00000008b3200000,0x00000008b3300000)]
  0x000001fdd5bd18c0 JavaThread "Reference Handler" daemon [_thread_blocked, id=9880, stack(0x00000008b3900000,0x00000008b3a00000)]
  0x000001fdd5bd3750 JavaThread "Finalizer" daemon [_thread_blocked, id=14308, stack(0x00000008b3a00000,0x00000008b3b00000)]
  0x000001fdd5bea3c0 JavaThread "Signal Dispatcher" daemon [_thread_blocked, id=1924, stack(0x00000008b3b00000,0x00000008b3c00000)]
  0x000001fdd5bebea0 JavaThread "Attach Listener" daemon [_thread_blocked, id=14356, stack(0x00000008b3c00000,0x00000008b3d00000)]
  0x000001fdd5bee870 JavaThread "Service Thread" daemon [_thread_blocked, id=14416, stack(0x00000008b3d00000,0x00000008b3e00000)]
  0x000001fdd5bef230 JavaThread "Monitor Deflation Thread" daemon [_thread_blocked, id=14420, stack(0x00000008b3e00000,0x00000008b3f00000)]
  0x000001fdd5bf3ff0 JavaThread "C2 CompilerThread0" daemon [_thread_blocked, id=14412, stack(0x00000008b3f00000,0x00000008b4000000)]
  0x000001fdd5bf4aa0 JavaThread "C1 CompilerThread0" daemon [_thread_blocked, id=14428, stack(0x00000008b4000000,0x00000008b4100000)]
  0x000001fdd5bf9c60 JavaThread "Sweeper thread" daemon [_thread_blocked, id=4456, stack(0x00000008b4100000,0x00000008b4200000)]
  0x000001fdf50b6100 JavaThread "Common-Cleaner" daemon [_thread_blocked, id=14492, stack(0x00000008b4200000,0x00000008b4300000)]
  0x000001fdf51687a0 JavaThread "Notification Thread" daemon [_thread_blocked, id=14424, stack(0x00000008b4300000,0x00000008b4400000)]
  0x000001fdf6d6c390 JavaThread "Daemon health stats" [_thread_blocked, id=15164, stack(0x00000008b4b00000,0x00000008b4c00000)]
  0x000001fdf5ad8b90 JavaThread "Incoming local TCP Connector on port 50615" [_thread_in_native, id=8692, stack(0x00000008b4c00000,0x00000008b4d00000)]
  0x000001fdf6d03ab0 JavaThread "Daemon periodic checks" [_thread_blocked, id=6448, stack(0x00000008b4d00000,0x00000008b4e00000)]
  0x000001fdf702a580 JavaThread "Cache worker for journal cache (C:\Users\hp\.gradle\caches\journal-1)" [_thread_blocked, id=14576, stack(0x00000008b5500000,0x00000008b5600000)]
  0x000001fdf702a070 JavaThread "File lock request listener" [_thread_in_native, id=4892, stack(0x00000008b5600000,0x00000008b5700000)]
  0x000001fdf702afa0 JavaThread "Cache worker for file hash cache (C:\Users\hp\.gradle\caches\8.10.2\fileHashes)" [_thread_blocked, id=15124, stack(0x00000008b5700000,0x00000008b5800000)]
  0x000001fdf702b9c0 JavaThread "File watcher server" daemon [_thread_blocked, id=1052, stack(0x00000008b5e00000,0x00000008b5f00000)]
  0x000001fdf702bed0 JavaThread "File watcher consumer" daemon [_thread_blocked, id=2108, stack(0x00000008b5f00000,0x00000008b6000000)]
  0x000001fdf7b58e90 JavaThread "Cache worker for file content cache (C:\Users\hp\.gradle\caches\8.10.2\fileContent)" [_thread_blocked, id=9244, stack(0x00000008b6100000,0x00000008b6200000)]
  0x000001fdf7b551d0 JavaThread "jar transforms" [_thread_blocked, id=10332, stack(0x00000008b6400000,0x00000008b6500000)]
  0x000001fdfa02c740 JavaThread "Memory manager" [_thread_blocked, id=6716, stack(0x00000008b8200000,0x00000008b8300000)]
  0x000001fdf93029b0 JavaThread "jar transforms Thread 2" [_thread_blocked, id=5108, stack(0x00000008bc800000,0x00000008bc900000)]
  0x000001fdf9301f90 JavaThread "jar transforms Thread 3" [_thread_blocked, id=14604, stack(0x00000008b4500000,0x00000008b4600000)]
  0x000001fdf9304d20 JavaThread "jar transforms Thread 4" [_thread_blocked, id=14276, stack(0x00000008bcd00000,0x00000008bce00000)]
  0x000001fdf9307ab0 JavaThread "jar transforms Thread 5" [_thread_blocked, id=8920, stack(0x00000008bce00000,0x00000008bcf00000)]
  0x000001fdf9301060 JavaThread "jar transforms Thread 6" [_thread_blocked, id=8932, stack(0x00000008bcf00000,0x00000008bd000000)]
  0x000001fdf7f9f8d0 JavaThread "jar transforms Thread 7" [_thread_blocked, id=14256, stack(0x00000008bba00000,0x00000008bbb00000)]
  0x000001fdf51c9040 JavaThread "jar transforms Thread 8" [_thread_blocked, id=14312, stack(0x00000008bd200000,0x00000008bd300000)]
  0x000001fdf61e5dc0 JavaThread "RMI Scheduler(0)" daemon [_thread_blocked, id=5868, stack(0x00000008be100000,0x00000008be200000)]
  0x000001fdf61e62d0 JavaThread "RMI TCP Accept-0" daemon [_thread_in_native, id=8968, stack(0x00000008be500000,0x00000008be600000)]
  0x000001fdf61eb8e0 JavaThread "Cache worker for Java compile cache (C:\Users\hp\.gradle\caches\8.10.2\javaCompile)" [_thread_blocked, id=7504, stack(0x00000008b8300000,0x00000008b8400000)]
  0x000001fdfe35a560 JavaThread "RMI GC Daemon" daemon [_thread_blocked, id=13424, stack(0x00000008b9700000,0x00000008b9800000)]
  0x000001fdfe35aa70 JavaThread "RMI TCP Accept-0" daemon [_thread_in_native, id=14528, stack(0x00000008b9800000,0x00000008b9900000)]
  0x000001fdfe353600 JavaThread "RMI Reaper" [_thread_blocked, id=9112, stack(0x00000008b9900000,0x00000008b9a00000)]
  0x000001fdf61ea9b0 JavaThread "RMI TCP Accept-0" daemon [_thread_in_native, id=16048, stack(0x00000008bed00000,0x00000008bee00000)]
  0x000001fdf7f9f3c0 JavaThread "Daemon Thread 16" [_thread_blocked, id=5332, stack(0x00000008b2f00000,0x00000008b3000000)]
  0x000001fdf7f9da70 JavaThread "Daemon worker Thread 16" [_thread_blocked, id=15608, stack(0x00000008b4600000,0x00000008b4700000)]
  0x000001fdfc0502c0 JavaThread "ForkJoinPool.commonPool-worker-87" daemon [_thread_blocked, id=16000, stack(0x00000008b7600000,0x00000008b7700000)]
  0x000001fdfc04c0f0 JavaThread "ForkJoinPool.commonPool-worker-89" daemon [_thread_blocked, id=2932, stack(0x00000008b7800000,0x00000008b7900000)]
  0x000001fdfc052630 JavaThread "ForkJoinPool.commonPool-worker-91" daemon [_thread_blocked, id=13524, stack(0x00000008b7a00000,0x00000008b7b00000)]
  0x000001fd85445760 JavaThread "Exec process Thread 73" [_thread_in_native, id=17068, stack(0x00000008bd800000,0x00000008bd900000)]
  0x000001fdfd9bbf80 JavaThread "Exec process Thread 74" [_thread_in_native, id=8220, stack(0x00000008bd900000,0x00000008bda00000)]
  0x000001fdfd9bba70 JavaThread "Exec process Thread 75" [_thread_in_native, id=2464, stack(0x00000008bda00000,0x00000008bdb00000)]
  0x000001fd85446690 JavaThread "Handler for socket connection from /127.0.0.1:50615 to /127.0.0.1:57408" [_thread_in_native, id=4928, stack(0x00000008b3000000,0x00000008b3100000)]
  0x000001fd85446180 JavaThread "Cancel handler" [_thread_blocked, id=16544, stack(0x00000008b3100000,0x00000008b3200000)]
  0x000001fdf784dfa0 JavaThread "Asynchronous log dispatcher for DefaultDaemonConnection: socket connection from /127.0.0.1:50615 to /127.0.0.1:57408" [_thread_blocked, id=9452, stack(0x00000008b4f00000,0x00000008b5000000)]
  0x000001fdf784da90 JavaThread "Stdin handler" [_thread_blocked, id=15404, stack(0x00000008b5000000,0x00000008b5100000)]
  0x000001fdf784e4b0 JavaThread "Daemon client event forwarder" [_thread_blocked, id=12492, stack(0x00000008b5100000,0x00000008b5200000)]
  0x000001fdf784d070 JavaThread "Cache worker for file hash cache (D:\appinopNew\mgp\android\.gradle\8.10.2\fileHashes)" [_thread_blocked, id=17180, stack(0x00000008b5200000,0x00000008b5300000)]
  0x000001fdf784e9c0 JavaThread "Cache worker for Build Output Cleanup Cache (D:\appinopNew\mgp\android\.gradle\buildOutputCleanup)" [_thread_blocked, id=15520, stack(0x00000008b5300000,0x00000008b5400000)]
  0x000001fdf784d580 JavaThread "Cache worker for checksums cache (D:\appinopNew\mgp\android\.gradle\8.10.2\checksums)" [_thread_blocked, id=12204, stack(0x00000008b5400000,0x00000008b5500000)]
  0x000001fdfe26bc20 JavaThread "Cache worker for cache directory md-rule (C:\Users\hp\.gradle\caches\8.10.2\md-rule)" [_thread_blocked, id=1784, stack(0x00000008b5b00000,0x00000008b5c00000)]
  0x000001fdfe26b200 JavaThread "Cache worker for cache directory md-supplier (C:\Users\hp\.gradle\caches\8.10.2\md-supplier)" [_thread_blocked, id=8740, stack(0x00000008b5c00000,0x00000008b5d00000)]
  0x000001fd856363c0 JavaThread "Cache worker for Build Output Cleanup Cache (D:\appinopNew\mgp\node_modules\@react-native\gradle-plugin\.gradle\buildOutputCleanup)" [_thread_blocked, id=17452, stack(0x00000008b6000000,0x00000008b6100000)]
  0x000001fdfd9bb050 JavaThread "Unconstrained build operations" [_thread_blocked, id=14368, stack(0x00000008b6200000,0x00000008b6300000)]
  0x000001fdf8617020 JavaThread "Unconstrained build operations Thread 2" [_thread_blocked, id=3880, stack(0x00000008b6300000,0x00000008b6400000)]
  0x000001fdf86160f0 JavaThread "Unconstrained build operations Thread 3" [_thread_blocked, id=17528, stack(0x00000008b6500000,0x00000008b6600000)]
  0x000001fdf86156d0 JavaThread "Unconstrained build operations Thread 4" [_thread_blocked, id=14444, stack(0x00000008b6700000,0x00000008b6800000)]
  0x000001fd856359a0 JavaThread "Unconstrained build operations Thread 5" [_thread_blocked, id=18412, stack(0x00000008b6800000,0x00000008b6900000)]
  0x000001fd85635490 JavaThread "Unconstrained build operations Thread 6" [_thread_blocked, id=12964, stack(0x00000008b6900000,0x00000008b6a00000)]
  0x000001fd85635eb0 JavaThread "Unconstrained build operations Thread 7" [_thread_blocked, id=12576, stack(0x00000008b6a00000,0x00000008b6b00000)]
  0x000001fd856368d0 JavaThread "Unconstrained build operations Thread 8" [_thread_blocked, id=2584, stack(0x00000008b6b00000,0x00000008b6c00000)]
  0x000001fd85634f80 JavaThread "Unconstrained build operations Thread 9" [_thread_blocked, id=14780, stack(0x00000008b6c00000,0x00000008b6d00000)]
  0x000001fd8c5bda90 JavaThread "Unconstrained build operations Thread 10" [_thread_blocked, id=17192, stack(0x00000008b6d00000,0x00000008b6e00000)]
  0x000001fd8c5be9c0 JavaThread "Unconstrained build operations Thread 11" [_thread_blocked, id=16896, stack(0x00000008b6e00000,0x00000008b6f00000)]
  0x000001fdf8616600 JavaThread "Unconstrained build operations Thread 12" [_thread_blocked, id=11452, stack(0x00000008b6f00000,0x00000008b7000000)]
  0x000001fdfe26c640 JavaThread "Unconstrained build operations Thread 13" [_thread_blocked, id=9064, stack(0x00000008b7000000,0x00000008b7100000)]
  0x000001fdfe26cb50 JavaThread "Unconstrained build operations Thread 14" [_thread_blocked, id=13336, stack(0x00000008b7100000,0x00000008b7200000)]
  0x000001fdfe2693a0 JavaThread "Unconstrained build operations Thread 15" [_thread_blocked, id=16796, stack(0x00000008b7200000,0x00000008b7300000)]
  0x000001fdfe2698b0 JavaThread "Unconstrained build operations Thread 16" [_thread_blocked, id=11420, stack(0x00000008b7300000,0x00000008b7400000)]
  0x000001fdfe26a2d0 JavaThread "Unconstrained build operations Thread 17" [_thread_blocked, id=12464, stack(0x00000008b7400000,0x00000008b7500000)]
  0x000001fdfe26acf0 JavaThread "Unconstrained build operations Thread 18" [_thread_blocked, id=13280, stack(0x00000008b7500000,0x00000008b7600000)]
  0x000001fdfbda41c0 JavaThread "build event listener" [_thread_blocked, id=17512, stack(0x00000008b7e00000,0x00000008b7f00000)]
  0x000001fd8c5bd070 JavaThread "included builds" [_thread_blocked, id=16192, stack(0x00000008b7f00000,0x00000008b8000000)]
  0x000001fdfd9bb560 JavaThread "Execution worker" [_thread_blocked, id=16836, stack(0x00000008b8000000,0x00000008b8100000)]
  0x000001fdfd9ba630 JavaThread "Execution worker Thread 2" [_thread_blocked, id=17468, stack(0x00000008b8100000,0x00000008b8200000)]
  0x000001fdfbda5b10 JavaThread "Execution worker Thread 3" [_thread_blocked, id=15356, stack(0x00000008b8400000,0x00000008b8500000)]
  0x000001fdfbda6530 JavaThread "Execution worker Thread 4" [_thread_blocked, id=10404, stack(0x00000008b8500000,0x00000008b8600000)]
  0x000001fdfbda3290 JavaThread "Execution worker Thread 5" [_thread_blocked, id=8612, stack(0x00000008b8600000,0x00000008b8700000)]
  0x000001fdfbda46d0 JavaThread "Execution worker Thread 6" [_thread_blocked, id=12272, stack(0x00000008b8700000,0x00000008b8800000)]
  0x000001fdf8616b10 JavaThread "Execution worker Thread 7" [_thread_blocked, id=16404, stack(0x00000008b8800000,0x00000008b8900000)]
  0x000001fd85445c70 JavaThread "Cache worker for execution history cache (D:\appinopNew\mgp\node_modules\@react-native\gradle-plugin\.gradle\8.10.2\executionHistory)" [_thread_blocked, id=13320, stack(0x00000008b8900000,0x00000008b8a00000)]
  0x000001fd85445250 JavaThread "Unconstrained build operations Thread 19" [_thread_blocked, id=16760, stack(0x00000008b8a00000,0x00000008b8b00000)]
  0x000001fd85446ba0 JavaThread "Unconstrained build operations Thread 20" [_thread_blocked, id=11800, stack(0x00000008b8b00000,0x00000008b8c00000)]
  0x000001fd8c5bb8e0 JavaThread "Unconstrained build operations Thread 21" [_thread_blocked, id=17000, stack(0x00000008b8c00000,0x00000008b8d00000)]
  0x000001fd8c5ba9b0 JavaThread "Unconstrained build operations Thread 22" [_thread_blocked, id=6468, stack(0x00000008b8d00000,0x00000008b8e00000)]
  0x000001fd8c5b9570 JavaThread "Unconstrained build operations Thread 23" [_thread_blocked, id=15804, stack(0x00000008b8e00000,0x00000008b8f00000)]
  0x000001fd8c5baec0 JavaThread "Unconstrained build operations Thread 24" [_thread_blocked, id=14896, stack(0x00000008b8f00000,0x00000008b9000000)]
  0x000001fd8c5bbdf0 JavaThread "Unconstrained build operations Thread 25" [_thread_blocked, id=12468, stack(0x00000008b9000000,0x00000008b9100000)]
  0x000001fdfe26b710 JavaThread "Unconstrained build operations Thread 26" [_thread_blocked, id=18336, stack(0x00000008b9100000,0x00000008b9200000)]
  0x000001fdfe26c130 JavaThread "Unconstrained build operations Thread 27" [_thread_blocked, id=5112, stack(0x00000008b9200000,0x00000008b9300000)]
  0x000001fdfe269dc0 JavaThread "Unconstrained build operations Thread 28" [_thread_blocked, id=9992, stack(0x00000008b9300000,0x00000008b9400000)]
  0x000001fdfe26a7e0 JavaThread "Unconstrained build operations Thread 29" [_thread_blocked, id=2360, stack(0x00000008b9400000,0x00000008b9500000)]
  0x000001fd8c0afea0 JavaThread "Unconstrained build operations Thread 30" [_thread_blocked, id=7364, stack(0x00000008b9500000,0x00000008b9600000)]
  0x000001fd8c0b2210 JavaThread "Unconstrained build operations Thread 31" [_thread_blocked, id=4540, stack(0x00000008b9600000,0x00000008b9700000)]
  0x000001fd8c0b03b0 JavaThread "Unconstrained build operations Thread 32" [_thread_blocked, id=7540, stack(0x00000008b9a00000,0x00000008b9b00000)]
  0x000001fdfa02d670 JavaThread "Unconstrained build operations Thread 33" [_thread_blocked, id=2844, stack(0x00000008b9b00000,0x00000008b9c00000)]
  0x000001fd8c0b08c0 JavaThread "Unconstrained build operations Thread 34" [_thread_blocked, id=12128, stack(0x00000008b9c00000,0x00000008b9d00000)]
  0x000001fd8c0b0dd0 JavaThread "Unconstrained build operations Thread 35" [_thread_blocked, id=6228, stack(0x00000008b9d00000,0x00000008b9e00000)]
  0x000001fd8c0b12e0 JavaThread "Unconstrained build operations Thread 36" [_thread_blocked, id=3752, stack(0x00000008b9e00000,0x00000008b9f00000)]
  0x000001fd8c0b17f0 JavaThread "Unconstrained build operations Thread 37" [_thread_blocked, id=2172, stack(0x00000008b9f00000,0x00000008ba000000)]
  0x000001fd8c0b2720 JavaThread "Unconstrained build operations Thread 38" [_thread_blocked, id=5532, stack(0x00000008ba000000,0x00000008ba100000)]
  0x000001fd8c0b1d00 JavaThread "Unconstrained build operations Thread 39" [_thread_blocked, id=8508, stack(0x00000008ba100000,0x00000008ba200000)]
  0x000001fd8c0b3140 JavaThread "Unconstrained build operations Thread 40" [_thread_blocked, id=2564, stack(0x00000008ba200000,0x00000008ba300000)]
  0x000001fd8c0b2c30 JavaThread "Unconstrained build operations Thread 41" [_thread_blocked, id=14456, stack(0x00000008ba400000,0x00000008ba500000)]
  0x000001fd8c0b3650 JavaThread "Unconstrained build operations Thread 42" [_thread_blocked, id=9240, stack(0x00000008ba500000,0x00000008ba600000)]
  0x000001fdfebd4830 JavaThread "Unconstrained build operations Thread 43" [_thread_blocked, id=17324, stack(0x00000008ba600000,0x00000008ba700000)]
  0x000001fdfebd1590 JavaThread "Unconstrained build operations Thread 44" [_thread_blocked, id=13684, stack(0x00000008ba700000,0x00000008ba800000)]
  0x000001fdfebd3900 JavaThread "Unconstrained build operations Thread 45" [_thread_blocked, id=16476, stack(0x00000008ba800000,0x00000008ba900000)]
  0x000001fdfebd24c0 JavaThread "Unconstrained build operations Thread 46" [_thread_blocked, id=468, stack(0x00000008ba900000,0x00000008baa00000)]
  0x000001fdfebd33f0 JavaThread "Unconstrained build operations Thread 47" [_thread_blocked, id=11460, stack(0x00000008baa00000,0x00000008bab00000)]
  0x000001fdfbda2d80 JavaThread "Unconstrained build operations Thread 48" [_thread_blocked, id=17248, stack(0x00000008bab00000,0x00000008bac00000)]
  0x000001fdfbda4be0 JavaThread "Unconstrained build operations Thread 49" [_thread_blocked, id=15860, stack(0x00000008bac00000,0x00000008bad00000)]
  0x000001fd85359900 JavaThread "Unconstrained build operations Thread 50" [_thread_blocked, id=14532, stack(0x00000008bad00000,0x00000008bae00000)]
  0x000001fd853593f0 JavaThread "Unconstrained build operations Thread 51" [_thread_blocked, id=16996, stack(0x00000008bae00000,0x00000008baf00000)]
  0x000001fd85357fb0 JavaThread "Unconstrained build operations Thread 52" [_thread_blocked, id=12208, stack(0x00000008baf00000,0x00000008bb000000)]
  0x000001fd853584c0 JavaThread "Unconstrained build operations Thread 53" [_thread_blocked, id=2592, stack(0x00000008bb000000,0x00000008bb100000)]
  0x000001fd853589d0 JavaThread "Unconstrained build operations Thread 54" [_thread_blocked, id=15420, stack(0x00000008bb100000,0x00000008bb200000)]
  0x000001fdfa02e090 JavaThread "Unconstrained build operations Thread 55" [_thread_blocked, id=8852, stack(0x00000008bb200000,0x00000008bb300000)]
  0x000001fdfa02a8e0 JavaThread "Unconstrained build operations Thread 56" [_thread_blocked, id=14128, stack(0x00000008bb300000,0x00000008bb400000)]
  0x000001fdfa02e5a0 JavaThread "Unconstrained build operations Thread 57" [_thread_blocked, id=16768, stack(0x00000008bb400000,0x00000008bb500000)]
  0x000001fdfa028060 JavaThread "Unconstrained build operations Thread 58" [_thread_blocked, id=16608, stack(0x00000008bb500000,0x00000008bb600000)]
  0x000001fdfa028f90 JavaThread "Unconstrained build operations Thread 59" [_thread_blocked, id=12824, stack(0x00000008bb600000,0x00000008bb700000)]
  0x000001fdfa02b810 JavaThread "Unconstrained build operations Thread 60" [_thread_blocked, id=10516, stack(0x00000008bb700000,0x00000008bb800000)]
  0x000001fdfa0294a0 JavaThread "Unconstrained build operations Thread 61" [_thread_blocked, id=13948, stack(0x00000008bb800000,0x00000008bb900000)]
  0x000001fdfebd1fb0 JavaThread "Unconstrained build operations Thread 62" [_thread_blocked, id=16036, stack(0x00000008bb900000,0x00000008bba00000)]
  0x000001fdfebd1080 JavaThread "Unconstrained build operations Thread 63" [_thread_blocked, id=11472, stack(0x00000008bbb00000,0x00000008bbc00000)]
  0x000001fdfebd4320 JavaThread "Unconstrained build operations Thread 64" [_thread_blocked, id=12380, stack(0x00000008bbc00000,0x00000008bbd00000)]
  0x000001fdfebd29d0 JavaThread "Unconstrained build operations Thread 65" [_thread_blocked, id=15952, stack(0x00000008bbd00000,0x00000008bbe00000)]
  0x000001fdfebd1aa0 JavaThread "Unconstrained build operations Thread 66" [_thread_blocked, id=16424, stack(0x00000008bbe00000,0x00000008bbf00000)]
  0x000001fdfebd2ee0 JavaThread "Unconstrained build operations Thread 67" [_thread_blocked, id=18364, stack(0x00000008bbf00000,0x00000008bc000000)]
  0x000001fdfebd3e10 JavaThread "Unconstrained build operations Thread 68" [_thread_blocked, id=16708, stack(0x00000008bc000000,0x00000008bc100000)]
  0x000001fdfa029ec0 JavaThread "build event listener" [_thread_blocked, id=16224, stack(0x00000008bc100000,0x00000008bc200000)]
  0x000001fdfbda6020 JavaThread "Unconstrained build operations Thread 69" [_thread_blocked, id=11696, stack(0x00000008bc200000,0x00000008bc300000)]
  0x000001fdfbda37a0 JavaThread "Unconstrained build operations Thread 70" [_thread_blocked, id=2496, stack(0x00000008bc300000,0x00000008bc400000)]
  0x000001fdfbda3cb0 JavaThread "Unconstrained build operations Thread 71" [_thread_blocked, id=17172, stack(0x00000008bc400000,0x00000008bc500000)]
  0x000001fdfbda5600 JavaThread "Unconstrained build operations Thread 72" [_thread_blocked, id=15820, stack(0x00000008bc500000,0x00000008bc600000)]
  0x000001fd84bb0360 JavaThread "Unconstrained build operations Thread 73" [_thread_blocked, id=18272, stack(0x00000008bc600000,0x00000008bc700000)]
  0x000001fd84baea10 JavaThread "Unconstrained build operations Thread 74" [_thread_blocked, id=13088, stack(0x00000008bd000000,0x00000008bd100000)]
  0x000001fd84bad5d0 JavaThread "Unconstrained build operations Thread 75" [_thread_blocked, id=2328, stack(0x00000008bd300000,0x00000008bd400000)]
  0x000001fdfe0a81f0 JavaThread "Unconstrained build operations Thread 76" [_thread_blocked, id=1028, stack(0x00000008bd400000,0x00000008bd500000)]
  0x000001fdfe0a5970 JavaThread "Unconstrained build operations Thread 77" [_thread_blocked, id=15844, stack(0x00000008bd500000,0x00000008bd600000)]
  0x000001fdfe0a72c0 JavaThread "Unconstrained build operations Thread 78" [_thread_blocked, id=18348, stack(0x00000008bd600000,0x00000008bd700000)]
  0x000001fdfd9bab40 JavaThread "Unconstrained build operations Thread 79" [_thread_blocked, id=5300, stack(0x00000008bd700000,0x00000008bd800000)]
  0x000001fd84d2e900 JavaThread "Unconstrained build operations Thread 80" [_thread_blocked, id=16156, stack(0x00000008bdb00000,0x00000008bdc00000)]
  0x000001fd8c5b9060 JavaThread "Cache worker for execution history cache (D:\appinopNew\mgp\android\.gradle\8.10.2\executionHistory)" [_thread_blocked, id=9524, stack(0x00000008bdd00000,0x00000008bde00000)]
  0x000001fd8ac34cd0 JavaThread "WorkerExecutor Queue Thread 2" [_thread_blocked, id=13812, stack(0x00000008bde00000,0x00000008bdf00000)]
  0x000001fd84d2c590 JavaThread "WorkerExecutor Queue Thread 4" [_thread_blocked, id=11520, stack(0x00000008be000000,0x00000008be100000)]
  0x000001fd8c5bd580 JavaThread "WorkerExecutor Queue Thread 5" [_thread_blocked, id=7352, stack(0x00000008be200000,0x00000008be300000)]
  0x000001fdfe0a7ce0 JavaThread "WorkerExecutor Queue Thread 6" [_thread_blocked, id=13640, stack(0x00000008be300000,0x00000008be400000)]
  0x000001fd8c5bdfa0 JavaThread "WorkerExecutor Queue Thread 7" [_thread_in_native, id=17224, stack(0x00000008b4e00000,0x00000008b4f00000)]
  0x000001fd84d2ee10 JavaThread "WorkerExecutor Queue Thread 8" [_thread_in_native, id=17376, stack(0x00000008b7d00000,0x00000008b7e00000)]
  0x000001fdfe0a8700 JavaThread "WorkerExecutor Queue Thread 9" [_thread_blocked, id=16724, stack(0x00000008be400000,0x00000008be500000)]
  0x000001fd859a3e60 JavaThread "Build operations" [_thread_blocked, id=12308, stack(0x00000008bdc00000,0x00000008bdd00000)]
  0x000001fd859a3950 JavaThread "Build operations Thread 2" [_thread_blocked, id=4724, stack(0x00000008be700000,0x00000008be800000)]
  0x000001fd859a4880 JavaThread "Build operations Thread 3" [_thread_blocked, id=10832, stack(0x00000008be800000,0x00000008be900000)]
  0x000001fd859a4d90 JavaThread "Build operations Thread 4" [_thread_blocked, id=16376, stack(0x00000008be900000,0x00000008bea00000)]
  0x000001fd859a7100 JavaThread "Build operations Thread 5" [_thread_blocked, id=16236, stack(0x00000008bea00000,0x00000008beb00000)]
  0x000001fd859a52a0 JavaThread "Build operations Thread 6" [_thread_blocked, id=2916, stack(0x00000008beb00000,0x00000008bec00000)]
  0x000001fd859a61d0 JavaThread "Build operations Thread 7" [_thread_blocked, id=11476, stack(0x00000008bec00000,0x00000008bed00000)]
  0x000001fd859a66e0 JavaThread "pool-51-thread-1" [_thread_blocked, id=7948, stack(0x00000008bee00000,0x00000008bef00000)]
  0x000001fd84d2cfb0 JavaThread "stderr" [_thread_in_native, id=9716, stack(0x00000008bef00000,0x00000008bf000000)]
  0x000001fd84d2dee0 JavaThread "stdout" [_thread_in_native, id=6076, stack(0x00000008bf000000,0x00000008bf100000)]
  0x000001fd84d2d4c0 JavaThread "Build operations Thread 8" [_thread_blocked, id=1828, stack(0x00000008bf100000,0x00000008bf200000)]
  0x000001fdfe9334c0 JavaThread "RMI RenewClean-[127.0.0.1:17631,org.jetbrains.kotlin.daemon.common.LoopbackNetworkInterface$ClientLoopbackSocketFactory@3ee94014]" daemon [_thread_blocked, id=11628, stack(0x00000008bf200000,0x00000008bf300000)]
  0x000001fd8ac31520 JavaThread "RMI RenewClean-[127.0.0.1:17631,org.jetbrains.kotlin.daemon.common.LoopbackNetworkInterface$ClientLoopbackSocketFactory@1b0778f3]" daemon [_thread_blocked, id=16492, stack(0x00000008bf300000,0x00000008bf400000)]
  0x000001fd84d2e3f0 JavaThread "WorkerExecutor Queue Thread 10" [_thread_blocked, id=18428, stack(0x00000008bf400000,0x00000008bf500000)]
  0x000001fdfa02adf0 JavaThread "ForkJoinPool-3-worker-1" daemon [_thread_blocked, id=8164, stack(0x00000008b7b00000,0x00000008b7c00000)]
  0x000001fdfc0465d0 JavaThread "ForkJoinPool-3-worker-2" daemon [_thread_blocked, id=13464, stack(0x00000008bdf00000,0x00000008be000000)]
  0x000001fd8c5bc300 JavaThread "ForkJoinPool-3-worker-3" daemon [_thread_blocked, id=4076, stack(0x00000008bf600000,0x00000008bf700000)]
  0x000001fdfc046ff0 JavaThread "ForkJoinPool-3-worker-4" daemon [_thread_blocked, id=16888, stack(0x00000008bf700000,0x00000008bf800000)]
  0x000001fd8ac33da0 JavaThread "ForkJoinPool-3-worker-5" daemon [_thread_blocked, id=16020, stack(0x00000008bf800000,0x00000008bf900000)]
  0x000001fdfe0a5e80 JavaThread "ForkJoinPool-3-worker-6" daemon [_thread_blocked, id=2204, stack(0x00000008bf900000,0x00000008bfa00000)]
  0x000001fdfc044770 JavaThread "ForkJoinPool-3-worker-7" daemon [_thread_blocked, id=16204, stack(0x00000008bfa00000,0x00000008bfb00000)]
  0x000001fd84d2d9d0 JavaThread "ForkJoinPool-3-worker-8" daemon [_thread_blocked, id=3100, stack(0x00000008bfb00000,0x00000008bfc00000)]

Other Threads:
=>0x000001fdd5bcdee0 VMThread "VM Thread" [stack: 0x00000008b3800000,0x00000008b3900000] [id=14468]
  0x000001fdb7741180 WatcherThread [stack: 0x00000008b4400000,0x00000008b4500000] [id=3080]
  0x000001fdb779a410 GCTaskThread "GC Thread#0" [stack: 0x00000008b3300000,0x00000008b3400000] [id=9588]
  0x000001fdf5722d60 GCTaskThread "GC Thread#1" [stack: 0x00000008b4700000,0x00000008b4800000] [id=10096]
  0x000001fdf58df0f0 GCTaskThread "GC Thread#2" [stack: 0x00000008b4800000,0x00000008b4900000] [id=10732]
  0x000001fdf6284c60 GCTaskThread "GC Thread#3" [stack: 0x00000008b4900000,0x00000008b4a00000] [id=14624]
  0x000001fdf6284f20 GCTaskThread "GC Thread#4" [stack: 0x00000008b4a00000,0x00000008b4b00000] [id=14612]
  0x000001fdf696cb10 GCTaskThread "GC Thread#5" [stack: 0x00000008b5800000,0x00000008b5900000] [id=15120]
  0x000001fdf9f5b3b0 GCTaskThread "GC Thread#6" [stack: 0x00000008b5900000,0x00000008b5a00000] [id=15116]
  0x000001fdf9f5b670 GCTaskThread "GC Thread#7" [stack: 0x00000008b5a00000,0x00000008b5b00000] [id=15112]
  0x000001fdb77ab360 ConcurrentGCThread "G1 Main Marker" [stack: 0x00000008b3400000,0x00000008b3500000] [id=2928]
  0x000001fdb77abd80 ConcurrentGCThread "G1 Conc#0" [stack: 0x00000008b3500000,0x00000008b3600000] [id=14540]
  0x000001fdf7b3b9f0 ConcurrentGCThread "G1 Conc#1" [stack: 0x00000008b5d00000,0x00000008b5e00000] [id=15268]
  0x000001fdb77ee140 ConcurrentGCThread "G1 Refine#0" [stack: 0x00000008b3600000,0x00000008b3700000] [id=14488]
  0x000001fdfb8f5dc0 ConcurrentGCThread "G1 Refine#1" [stack: 0x00000008bd100000,0x00000008bd200000] [id=9200]
  0x000001fdf81f0840 ConcurrentGCThread "G1 Refine#2" [stack: 0x00000008ba300000,0x00000008ba400000] [id=12296]
  0x000001fdfa424c50 ConcurrentGCThread "G1 Refine#3" [stack: 0x00000008bc700000,0x00000008bc800000] [id=14400]
  0x000001fdf921a060 ConcurrentGCThread "G1 Refine#4" [stack: 0x00000008bc900000,0x00000008bca00000] [id=7460]
  0x000001fdfb8f6c70 ConcurrentGCThread "G1 Refine#5" [stack: 0x00000008bca00000,0x00000008bcb00000] [id=8156]
  0x000001fdfdb04170 ConcurrentGCThread "G1 Refine#6" [stack: 0x00000008bcb00000,0x00000008bcc00000] [id=1616]
  0x000001fdfb8f6f60 ConcurrentGCThread "G1 Refine#7" [stack: 0x00000008bcc00000,0x00000008bcd00000] [id=7164]
  0x000001fdb77eeb70 ConcurrentGCThread "G1 Service" [stack: 0x00000008b3700000,0x00000008b3800000] [id=14480]

Threads with active compile tasks:
C2 CompilerThread0  18353072 72803       4       com.android.tools.r8.internal.iq0::a (663 bytes)

VM state: at safepoint (normal execution)

VM Mutex/Monitor currently owned by a thread:  ([mutex/lock_event])
[0x000001fdb773ab50] Threads_lock - owner thread: 0x000001fdd5bcdee0
[0x000001fdb773b570] Heap_lock - owner thread: 0x000001fd84d2e3f0

Heap address: 0x0000000080000000, size: 2048 MB, Compressed Oops mode: 32-bit

CDS archive(s) mapped at: [0x000001fdd6000000-0x000001fdd6bb0000-0x000001fdd6bb0000), size 12255232, SharedBaseAddress: 0x000001fdd6000000, ArchiveRelocationMode: 1.
Compressed class space mapped at: 0x000001fdd7000000-0x000001fdf1000000, reserved size: 436207616
Narrow klass base: 0x000001fdd6000000, Narrow klass shift: 0, Narrow klass range: 0x100000000

GC Precious Log:
 CPUs: 8 total, 8 available
 Memory: 7865M
 Large Page Support: Disabled
 NUMA Support: Disabled
 Compressed Oops: Enabled (32-bit)
 Heap Region Size: 1M
 Heap Min Capacity: 8M
 Heap Initial Capacity: 124M
 Heap Max Capacity: 2G
 Pre-touch: Disabled
 Parallel Workers: 8
 Concurrent Workers: 2
 Concurrent Refinement Workers: 8
 Periodic GC: Disabled

Heap:
 garbage-first heap   total 1163264K, used 453878K [0x0000000080000000, 0x0000000100000000)
  region size 1024K, 7 young (7168K), 7 survivors (7168K)
 Metaspace       used 269324K, committed 272320K, reserved 688128K
  class space    used 35162K, committed 36608K, reserved 425984K

Heap Regions: E=young(eden), S=young(survivor), O=old, HS=humongous(starts), HC=humongous(continues), CS=collection set, F=free, OA=open archive, CA=closed archive, TAMS=top-at-mark-start (previous, next)
|   0|0x0000000080000000, 0x00000000800fffc8, 0x0000000080100000| 99%| O|  |TAMS 0x00000000800fffc8, 0x0000000080000000| Untracked 
|   1|0x0000000080100000, 0x0000000080200000, 0x0000000080200000|100%| O|  |TAMS 0x0000000080200000, 0x0000000080100000| Untracked 
|   2|0x0000000080200000, 0x0000000080300000, 0x0000000080300000|100%|HS|  |TAMS 0x0000000080300000, 0x0000000080200000| Complete 
|   3|0x0000000080300000, 0x0000000080400000, 0x0000000080400000|100%|HC|  |TAMS 0x0000000080400000, 0x0000000080300000| Complete 
|   4|0x0000000080400000, 0x0000000080500000, 0x0000000080500000|100%|HC|  |TAMS 0x0000000080500000, 0x0000000080400000| Complete 
|   5|0x0000000080500000, 0x0000000080600000, 0x0000000080600000|100%|HC|  |TAMS 0x0000000080600000, 0x0000000080500000| Complete 
|   6|0x0000000080600000, 0x00000000806f5350, 0x0000000080700000| 95%| O|  |TAMS 0x00000000806f5350, 0x0000000080600000| Untracked 
|   7|0x0000000080700000, 0x0000000080800000, 0x0000000080800000|100%|HS|  |TAMS 0x0000000080800000, 0x0000000080700000| Complete 
|   8|0x0000000080800000, 0x0000000080900000, 0x0000000080900000|100%| O|  |TAMS 0x0000000080900000, 0x0000000080800000| Untracked 
|   9|0x0000000080900000, 0x00000000809ffff8, 0x0000000080a00000| 99%| O|  |TAMS 0x00000000809ffff8, 0x0000000080900000| Untracked 
|  10|0x0000000080a00000, 0x0000000080b00000, 0x0000000080b00000|100%|HS|  |TAMS 0x0000000080b00000, 0x0000000080a00000| Complete 
|  11|0x0000000080b00000, 0x0000000080bfffe8, 0x0000000080c00000| 99%| O|  |TAMS 0x0000000080bfffe8, 0x0000000080b00000| Untracked 
|  12|0x0000000080c00000, 0x0000000080d00000, 0x0000000080d00000|100%| O|  |TAMS 0x0000000080d00000, 0x0000000080c00000| Untracked 
|  13|0x0000000080d00000, 0x0000000080e00000, 0x0000000080e00000|100%| O|  |TAMS 0x0000000080e00000, 0x0000000080d00000| Untracked 
|  14|0x0000000080e00000, 0x0000000080effff8, 0x0000000080f00000| 99%| O|  |TAMS 0x0000000080effff8, 0x0000000080e00000| Untracked 
|  15|0x0000000080f00000, 0x0000000080fff948, 0x0000000081000000| 99%| O|  |TAMS 0x0000000080fff948, 0x0000000080f00000| Untracked 
|  16|0x0000000081000000, 0x00000000810ff270, 0x0000000081100000| 99%| O|  |TAMS 0x00000000810ff270, 0x0000000081000000| Untracked 
|  17|0x0000000081100000, 0x00000000811ffff0, 0x0000000081200000| 99%| O|  |TAMS 0x00000000811ffff0, 0x0000000081100000| Untracked 
|  18|0x0000000081200000, 0x00000000812ffff8, 0x0000000081300000| 99%| O|  |TAMS 0x00000000812ffff8, 0x0000000081200000| Untracked 
|  19|0x0000000081300000, 0x0000000081400000, 0x0000000081400000|100%| O|  |TAMS 0x0000000081400000, 0x0000000081300000| Untracked 
|  20|0x0000000081400000, 0x00000000814ffff8, 0x0000000081500000| 99%| O|  |TAMS 0x00000000814ffff8, 0x0000000081400000| Untracked 
|  21|0x0000000081500000, 0x0000000081600000, 0x0000000081600000|100%| O|  |TAMS 0x0000000081600000, 0x0000000081500000| Untracked 
|  22|0x0000000081600000, 0x00000000816fffe0, 0x0000000081700000| 99%| O|  |TAMS 0x00000000816fffe0, 0x0000000081600000| Untracked 
|  23|0x0000000081700000, 0x00000000817ffff8, 0x0000000081800000| 99%| O|  |TAMS 0x00000000817ffff8, 0x0000000081700000| Untracked 
|  24|0x0000000081800000, 0x00000000818fffe8, 0x0000000081900000| 99%| O|  |TAMS 0x00000000818fffe8, 0x0000000081800000| Untracked 
|  25|0x0000000081900000, 0x00000000819ffff8, 0x0000000081a00000| 99%| O|  |TAMS 0x00000000819ffff8, 0x0000000081900000| Untracked 
|  26|0x0000000081a00000, 0x0000000081b00000, 0x0000000081b00000|100%| O|  |TAMS 0x0000000081b00000, 0x0000000081a00000| Untracked 
|  27|0x0000000081b00000, 0x0000000081bffff0, 0x0000000081c00000| 99%| O|  |TAMS 0x0000000081bffff0, 0x0000000081b00000| Untracked 
|  28|0x0000000081c00000, 0x0000000081cfffe8, 0x0000000081d00000| 99%| O|  |TAMS 0x0000000081cfffe8, 0x0000000081c00000| Untracked 
|  29|0x0000000081d00000, 0x0000000081e00000, 0x0000000081e00000|100%| O|  |TAMS 0x0000000081e00000, 0x0000000081d00000| Untracked 
|  30|0x0000000081e00000, 0x0000000081ee9c78, 0x0000000081f00000| 91%| O|  |TAMS 0x0000000081ee9c78, 0x0000000081e00000| Untracked 
|  31|0x0000000081f00000, 0x0000000081ffffd0, 0x0000000082000000| 99%| O|  |TAMS 0x0000000081ffffd0, 0x0000000081f00000| Untracked 
|  32|0x0000000082000000, 0x00000000820ffff8, 0x0000000082100000| 99%| O|  |TAMS 0x00000000820ffff8, 0x0000000082000000| Untracked 
|  33|0x0000000082100000, 0x00000000821fff88, 0x0000000082200000| 99%| O|  |TAMS 0x00000000821fff88, 0x0000000082100000| Untracked 
|  34|0x0000000082200000, 0x00000000822fffe8, 0x0000000082300000| 99%| O|  |TAMS 0x00000000822fffe8, 0x0000000082200000| Untracked 
|  35|0x0000000082300000, 0x00000000823ffff0, 0x0000000082400000| 99%| O|  |TAMS 0x00000000823ffff0, 0x0000000082300000| Untracked 
|  36|0x0000000082400000, 0x00000000824fffe8, 0x0000000082500000| 99%| O|  |TAMS 0x00000000824fffe8, 0x0000000082400000| Untracked 
|  37|0x0000000082500000, 0x00000000825fffe8, 0x0000000082600000| 99%| O|  |TAMS 0x00000000825fffe8, 0x0000000082500000| Untracked 
|  38|0x0000000082600000, 0x0000000082700000, 0x0000000082700000|100%|HS|  |TAMS 0x0000000082700000, 0x0000000082600000| Complete 
|  39|0x0000000082700000, 0x0000000082800000, 0x0000000082800000|100%|HC|  |TAMS 0x0000000082800000, 0x0000000082700000| Complete 
|  40|0x0000000082800000, 0x0000000082900000, 0x0000000082900000|100%|HS|  |TAMS 0x0000000082900000, 0x0000000082800000| Complete 
|  41|0x0000000082900000, 0x0000000082a00000, 0x0000000082a00000|100%|HC|  |TAMS 0x0000000082a00000, 0x0000000082900000| Complete 
|  42|0x0000000082a00000, 0x0000000082b00000, 0x0000000082b00000|100%|HC|  |TAMS 0x0000000082b00000, 0x0000000082a00000| Complete 
|  43|0x0000000082b00000, 0x0000000082c00000, 0x0000000082c00000|100%|HS|  |TAMS 0x0000000082c00000, 0x0000000082b00000| Complete 
|  44|0x0000000082c00000, 0x0000000082d00000, 0x0000000082d00000|100%|HC|  |TAMS 0x0000000082d00000, 0x0000000082c00000| Complete 
|  45|0x0000000082d00000, 0x0000000082e00000, 0x0000000082e00000|100%| O|  |TAMS 0x0000000082e00000, 0x0000000082d00000| Untracked 
|  46|0x0000000082e00000, 0x0000000082e920e8, 0x0000000082f00000| 57%| O|  |TAMS 0x0000000082e920e8, 0x0000000082e00000| Untracked 
|  47|0x0000000082f00000, 0x0000000082faed88, 0x0000000083000000| 68%| O|  |TAMS 0x0000000082faed88, 0x0000000082f00000| Untracked 
|  48|0x0000000083000000, 0x00000000830fd298, 0x0000000083100000| 98%| O|  |TAMS 0x00000000830fd298, 0x0000000083000000| Untracked 
|  49|0x0000000083100000, 0x00000000831fffd0, 0x0000000083200000| 99%| O|  |TAMS 0x00000000831fffd0, 0x0000000083100000| Untracked 
|  50|0x0000000083200000, 0x0000000083300000, 0x0000000083300000|100%| O|  |TAMS 0x0000000083300000, 0x0000000083200000| Untracked 
|  51|0x0000000083300000, 0x00000000833ffff8, 0x0000000083400000| 99%| O|  |TAMS 0x00000000833ffff8, 0x0000000083300000| Untracked 
|  52|0x0000000083400000, 0x00000000834fffe8, 0x0000000083500000| 99%| O|  |TAMS 0x00000000834fffe8, 0x0000000083400000| Untracked 
|  53|0x0000000083500000, 0x00000000835ffff8, 0x0000000083600000| 99%| O|  |TAMS 0x00000000835ffff8, 0x0000000083500000| Untracked 
|  54|0x0000000083600000, 0x00000000836f9018, 0x0000000083700000| 97%| O|  |TAMS 0x00000000836f9018, 0x0000000083600000| Untracked 
|  55|0x0000000083700000, 0x00000000837ffff0, 0x0000000083800000| 99%| O|  |TAMS 0x00000000837ffff0, 0x0000000083700000| Untracked 
|  56|0x0000000083800000, 0x0000000083900000, 0x0000000083900000|100%|HS|  |TAMS 0x0000000083900000, 0x0000000083800000| Complete 
|  57|0x0000000083900000, 0x0000000083a00000, 0x0000000083a00000|100%|HC|  |TAMS 0x0000000083a00000, 0x0000000083900000| Complete 
|  58|0x0000000083a00000, 0x0000000083b00000, 0x0000000083b00000|100%|HC|  |TAMS 0x0000000083b00000, 0x0000000083a00000| Complete 
|  59|0x0000000083b00000, 0x0000000083c00000, 0x0000000083c00000|100%| O|  |TAMS 0x0000000083c00000, 0x0000000083b00000| Untracked 
|  60|0x0000000083c00000, 0x0000000083cfffe8, 0x0000000083d00000| 99%| O|  |TAMS 0x0000000083cfffe8, 0x0000000083c00000| Untracked 
|  61|0x0000000083d00000, 0x0000000083dffff8, 0x0000000083e00000| 99%| O|  |TAMS 0x0000000083dffff8, 0x0000000083d00000| Untracked 
|  62|0x0000000083e00000, 0x0000000083efff78, 0x0000000083f00000| 99%| O|  |TAMS 0x0000000083efff78, 0x0000000083e00000| Untracked 
|  63|0x0000000083f00000, 0x0000000083fffff0, 0x0000000084000000| 99%| O|  |TAMS 0x0000000083fffff0, 0x0000000083f00000| Untracked 
|  64|0x0000000084000000, 0x00000000840ffff0, 0x0000000084100000| 99%| O|  |TAMS 0x00000000840ffff0, 0x0000000084000000| Untracked 
|  65|0x0000000084100000, 0x00000000841fffc8, 0x0000000084200000| 99%| O|  |TAMS 0x00000000841fffc8, 0x0000000084100000| Untracked 
|  66|0x0000000084200000, 0x00000000842fffd0, 0x0000000084300000| 99%| O|  |TAMS 0x00000000842fffd0, 0x0000000084200000| Untracked 
|  67|0x0000000084300000, 0x00000000843ffff8, 0x0000000084400000| 99%| O|  |TAMS 0x00000000843ffff8, 0x0000000084300000| Untracked 
|  68|0x0000000084400000, 0x00000000844ffff0, 0x0000000084500000| 99%| O|  |TAMS 0x00000000844ffff0, 0x0000000084400000| Untracked 
|  69|0x0000000084500000, 0x00000000845fffe8, 0x0000000084600000| 99%| O|  |TAMS 0x00000000845fffe8, 0x0000000084500000| Untracked 
|  70|0x0000000084600000, 0x00000000846fc8e8, 0x0000000084700000| 98%| O|  |TAMS 0x00000000846fc8e8, 0x0000000084600000| Untracked 
|  71|0x0000000084700000, 0x00000000847cdb20, 0x0000000084800000| 80%| O|  |TAMS 0x00000000847cdb20, 0x0000000084700000| Untracked 
|  72|0x0000000084800000, 0x00000000848ffff8, 0x0000000084900000| 99%| O|  |TAMS 0x00000000848ffff8, 0x0000000084800000| Untracked 
|  73|0x0000000084900000, 0x0000000084a00000, 0x0000000084a00000|100%| O|  |TAMS 0x0000000084a00000, 0x0000000084900000| Untracked 
|  74|0x0000000084a00000, 0x0000000084b00000, 0x0000000084b00000|100%|HS|  |TAMS 0x0000000084b00000, 0x0000000084a00000| Complete 
|  75|0x0000000084b00000, 0x0000000084c00000, 0x0000000084c00000|100%|HS|  |TAMS 0x0000000084c00000, 0x0000000084b00000| Complete 
|  76|0x0000000084c00000, 0x0000000084d00000, 0x0000000084d00000|100%|HS|  |TAMS 0x0000000084d00000, 0x0000000084c00000| Complete 
|  77|0x0000000084d00000, 0x0000000084e00000, 0x0000000084e00000|100%|HS|  |TAMS 0x0000000084e00000, 0x0000000084d00000| Complete 
|  78|0x0000000084e00000, 0x0000000084effff8, 0x0000000084f00000| 99%| O|  |TAMS 0x0000000084effff8, 0x0000000084e00000| Untracked 
|  79|0x0000000084f00000, 0x0000000085000000, 0x0000000085000000|100%|HS|  |TAMS 0x0000000085000000, 0x0000000084f00000| Complete 
|  80|0x0000000085000000, 0x0000000085100000, 0x0000000085100000|100%|HS|  |TAMS 0x0000000085100000, 0x0000000085000000| Complete 
|  81|0x0000000085100000, 0x0000000085200000, 0x0000000085200000|100%| O|  |TAMS 0x0000000085200000, 0x0000000085100000| Untracked 
|  82|0x0000000085200000, 0x0000000085300000, 0x0000000085300000|100%| O|  |TAMS 0x0000000085300000, 0x0000000085200000| Untracked 
|  83|0x0000000085300000, 0x00000000853ffff0, 0x0000000085400000| 99%| O|  |TAMS 0x00000000853ffff0, 0x0000000085300000| Untracked 
|  84|0x0000000085400000, 0x00000000854fffe8, 0x0000000085500000| 99%| O|  |TAMS 0x00000000854fffe8, 0x0000000085400000| Untracked 
|  85|0x0000000085500000, 0x0000000085600000, 0x0000000085600000|100%| O|  |TAMS 0x0000000085600000, 0x0000000085500000| Untracked 
|  86|0x0000000085600000, 0x00000000856fffa0, 0x0000000085700000| 99%| O|  |TAMS 0x00000000856fffa0, 0x0000000085600000| Untracked 
|  87|0x0000000085700000, 0x00000000857ffff8, 0x0000000085800000| 99%| O|  |TAMS 0x00000000857ffff8, 0x0000000085700000| Untracked 
|  88|0x0000000085800000, 0x00000000858fffe0, 0x0000000085900000| 99%| O|  |TAMS 0x00000000858fffe0, 0x0000000085800000| Untracked 
|  89|0x0000000085900000, 0x00000000859ffff8, 0x0000000085a00000| 99%| O|  |TAMS 0x00000000859ffff8, 0x0000000085900000| Untracked 
|  90|0x0000000085a00000, 0x0000000085afffd0, 0x0000000085b00000| 99%| O|  |TAMS 0x0000000085afffd0, 0x0000000085a00000| Untracked 
|  91|0x0000000085b00000, 0x0000000085be82e8, 0x0000000085c00000| 90%| O|  |TAMS 0x0000000085be82e8, 0x0000000085b00000| Untracked 
|  92|0x0000000085c00000, 0x0000000085cffff8, 0x0000000085d00000| 99%| O|  |TAMS 0x0000000085cffff8, 0x0000000085c00000| Untracked 
|  93|0x0000000085d00000, 0x0000000085dffff8, 0x0000000085e00000| 99%| O|  |TAMS 0x0000000085dffff8, 0x0000000085d00000| Untracked 
|  94|0x0000000085e00000, 0x0000000085efffe8, 0x0000000085f00000| 99%| O|  |TAMS 0x0000000085efffe8, 0x0000000085e00000| Untracked 
|  95|0x0000000085f00000, 0x0000000085fffff0, 0x0000000086000000| 99%| O|  |TAMS 0x0000000085fffff0, 0x0000000085f00000| Untracked 
|  96|0x0000000086000000, 0x00000000860fffa8, 0x0000000086100000| 99%| O|  |TAMS 0x00000000860fffa8, 0x0000000086000000| Untracked 
|  97|0x0000000086100000, 0x0000000086200000, 0x0000000086200000|100%|HS|  |TAMS 0x0000000086200000, 0x0000000086100000| Complete 
|  98|0x0000000086200000, 0x0000000086300000, 0x0000000086300000|100%|HC|  |TAMS 0x0000000086300000, 0x0000000086200000| Complete 
|  99|0x0000000086300000, 0x00000000863ffff8, 0x0000000086400000| 99%| O|  |TAMS 0x00000000863ffff8, 0x0000000086300000| Untracked 
| 100|0x0000000086400000, 0x00000000864ffff8, 0x0000000086500000| 99%| O|  |TAMS 0x00000000864ffff8, 0x0000000086400000| Untracked 
| 101|0x0000000086500000, 0x00000000865ffff0, 0x0000000086600000| 99%| O|  |TAMS 0x00000000865ffff0, 0x0000000086500000| Untracked 
| 102|0x0000000086600000, 0x0000000086700000, 0x0000000086700000|100%| O|  |TAMS 0x0000000086700000, 0x0000000086600000| Untracked 
| 103|0x0000000086700000, 0x0000000086800000, 0x0000000086800000|100%|HS|  |TAMS 0x0000000086800000, 0x0000000086700000| Complete 
| 104|0x0000000086800000, 0x00000000868ffff8, 0x0000000086900000| 99%| O|  |TAMS 0x00000000868ffff8, 0x0000000086800000| Untracked 
| 105|0x0000000086900000, 0x00000000869ff720, 0x0000000086a00000| 99%| O|  |TAMS 0x00000000869ff720, 0x0000000086900000| Untracked 
| 106|0x0000000086a00000, 0x0000000086b00000, 0x0000000086b00000|100%| O|  |TAMS 0x0000000086b00000, 0x0000000086a00000| Untracked 
| 107|0x0000000086b00000, 0x0000000086bfff38, 0x0000000086c00000| 99%| O|  |TAMS 0x0000000086bfff38, 0x0000000086b00000| Untracked 
| 108|0x0000000086c00000, 0x0000000086cfffe8, 0x0000000086d00000| 99%| O|  |TAMS 0x0000000086cfffe8, 0x0000000086c00000| Untracked 
| 109|0x0000000086d00000, 0x0000000086e00000, 0x0000000086e00000|100%| O|  |TAMS 0x0000000086d00000, 0x0000000086d00000| Untracked 
| 110|0x0000000086e00000, 0x0000000086efffe0, 0x0000000086f00000| 99%| O|  |TAMS 0x0000000086efffe0, 0x0000000086e00000| Untracked 
| 111|0x0000000086f00000, 0x0000000087000000, 0x0000000087000000|100%| O|  |TAMS 0x0000000087000000, 0x0000000086f00000| Untracked 
| 112|0x0000000087000000, 0x00000000870f4798, 0x0000000087100000| 95%| O|  |TAMS 0x00000000870f4798, 0x0000000087000000| Untracked 
| 113|0x0000000087100000, 0x00000000871fffe0, 0x0000000087200000| 99%| O|  |TAMS 0x00000000871fffe0, 0x0000000087100000| Untracked 
| 114|0x0000000087200000, 0x00000000872ffff0, 0x0000000087300000| 99%| O|  |TAMS 0x00000000872ffff0, 0x0000000087200000| Untracked 
| 115|0x0000000087300000, 0x00000000873ffff8, 0x0000000087400000| 99%| O|  |TAMS 0x00000000873ffff8, 0x0000000087300000| Untracked 
| 116|0x0000000087400000, 0x00000000874fffd8, 0x0000000087500000| 99%| O|  |TAMS 0x00000000874fffd8, 0x0000000087400000| Untracked 
| 117|0x0000000087500000, 0x0000000087600000, 0x0000000087600000|100%| O|  |TAMS 0x0000000087600000, 0x0000000087500000| Untracked 
| 118|0x0000000087600000, 0x00000000876fbba0, 0x0000000087700000| 98%| O|  |TAMS 0x00000000876fbba0, 0x0000000087600000| Untracked 
| 119|0x0000000087700000, 0x0000000087800000, 0x0000000087800000|100%| O|  |TAMS 0x0000000087800000, 0x0000000087700000| Untracked 
| 120|0x0000000087800000, 0x00000000878c84b0, 0x0000000087900000| 78%| O|  |TAMS 0x00000000878c84b0, 0x0000000087800000| Untracked 
| 121|0x0000000087900000, 0x0000000087a00000, 0x0000000087a00000|100%| O|  |TAMS 0x0000000087900000, 0x0000000087900000| Untracked 
| 122|0x0000000087a00000, 0x0000000087afb390, 0x0000000087b00000| 98%| O|  |TAMS 0x0000000087afb390, 0x0000000087a00000| Untracked 
| 123|0x0000000087b00000, 0x0000000087c00000, 0x0000000087c00000|100%| O|  |TAMS 0x0000000087c00000, 0x0000000087b00000| Untracked 
| 124|0x0000000087c00000, 0x0000000087d00000, 0x0000000087d00000|100%| O|  |TAMS 0x0000000087c00000, 0x0000000087c00000| Untracked 
| 125|0x0000000087d00000, 0x0000000087e00000, 0x0000000087e00000|100%| O|  |TAMS 0x0000000087e00000, 0x0000000087d00000| Untracked 
| 126|0x0000000087e00000, 0x0000000087f00000, 0x0000000087f00000|100%| O|  |TAMS 0x0000000087f00000, 0x0000000087e00000| Untracked 
| 127|0x0000000087f00000, 0x0000000088000000, 0x0000000088000000|100%|HS|  |TAMS 0x0000000087f00000, 0x0000000087f00000| Complete 
| 128|0x0000000088000000, 0x0000000088100000, 0x0000000088100000|100%| O|  |TAMS 0x0000000088000000, 0x0000000088000000| Untracked 
| 129|0x0000000088100000, 0x00000000881ffff8, 0x0000000088200000| 99%| O|  |TAMS 0x00000000881ffff8, 0x0000000088100000| Untracked 
| 130|0x0000000088200000, 0x0000000088300000, 0x0000000088300000|100%| O|  |TAMS 0x0000000088300000, 0x0000000088200000| Untracked 
| 131|0x0000000088300000, 0x0000000088400000, 0x0000000088400000|100%| O|  |TAMS 0x0000000088400000, 0x0000000088300000| Untracked 
| 132|0x0000000088400000, 0x0000000088500000, 0x0000000088500000|100%| O|  |TAMS 0x00000000884d7200, 0x0000000088400000| Untracked 
| 133|0x0000000088500000, 0x00000000885ffff0, 0x0000000088600000| 99%| O|  |TAMS 0x00000000885ffff0, 0x0000000088500000| Untracked 
| 134|0x0000000088600000, 0x00000000886fffd8, 0x0000000088700000| 99%| O|  |TAMS 0x00000000886fffd8, 0x0000000088600000| Untracked 
| 135|0x0000000088700000, 0x00000000887fffd0, 0x0000000088800000| 99%| O|  |TAMS 0x00000000887fffd0, 0x0000000088700000| Untracked 
| 136|0x0000000088800000, 0x0000000088900000, 0x0000000088900000|100%| O|  |TAMS 0x0000000088900000, 0x0000000088800000| Untracked 
| 137|0x0000000088900000, 0x0000000088900000, 0x0000000088a00000|  0%| F|  |TAMS 0x0000000088900000, 0x0000000088900000| Untracked 
| 138|0x0000000088a00000, 0x0000000088b00000, 0x0000000088b00000|100%| O|  |TAMS 0x0000000088b00000, 0x0000000088a00000| Untracked 
| 139|0x0000000088b00000, 0x0000000088c00000, 0x0000000088c00000|100%| O|  |TAMS 0x0000000088c00000, 0x0000000088b00000| Untracked 
| 140|0x0000000088c00000, 0x0000000088d00000, 0x0000000088d00000|100%| O|  |TAMS 0x0000000088d00000, 0x0000000088c00000| Untracked 
| 141|0x0000000088d00000, 0x0000000088dffff8, 0x0000000088e00000| 99%| O|  |TAMS 0x0000000088dffff8, 0x0000000088d00000| Untracked 
| 142|0x0000000088e00000, 0x0000000088f00000, 0x0000000088f00000|100%| O|  |TAMS 0x0000000088f00000, 0x0000000088e00000| Untracked 
| 143|0x0000000088f00000, 0x0000000088ffffd8, 0x0000000089000000| 99%| O|  |TAMS 0x0000000088ffffd8, 0x0000000088f00000| Untracked 
| 144|0x0000000089000000, 0x00000000890ffff0, 0x0000000089100000| 99%| O|  |TAMS 0x00000000890ffff0, 0x0000000089000000| Untracked 
| 145|0x0000000089100000, 0x00000000891fffe0, 0x0000000089200000| 99%| O|  |TAMS 0x00000000891fffe0, 0x0000000089100000| Untracked 
| 146|0x0000000089200000, 0x00000000892ffff8, 0x0000000089300000| 99%| O|  |TAMS 0x00000000892ffff8, 0x0000000089200000| Untracked 
| 147|0x0000000089300000, 0x00000000893ea000, 0x0000000089400000| 91%| O|  |TAMS 0x00000000893ea000, 0x0000000089300000| Untracked 
| 148|0x0000000089400000, 0x00000000894ffff8, 0x0000000089500000| 99%| O|  |TAMS 0x00000000894ffff8, 0x0000000089400000| Untracked 
| 149|0x0000000089500000, 0x0000000089600000, 0x0000000089600000|100%| O|  |TAMS 0x0000000089600000, 0x0000000089500000| Untracked 
| 150|0x0000000089600000, 0x00000000896e1f00, 0x0000000089700000| 88%| O|  |TAMS 0x00000000896e1f00, 0x0000000089600000| Untracked 
| 151|0x0000000089700000, 0x0000000089800000, 0x0000000089800000|100%| O|  |TAMS 0x0000000089800000, 0x0000000089700000| Untracked 
| 152|0x0000000089800000, 0x0000000089900000, 0x0000000089900000|100%| O|  |TAMS 0x0000000089900000, 0x0000000089800000| Untracked 
| 153|0x0000000089900000, 0x0000000089a00000, 0x0000000089a00000|100%| O|  |TAMS 0x0000000089a00000, 0x0000000089900000| Untracked 
| 154|0x0000000089a00000, 0x0000000089b00000, 0x0000000089b00000|100%| O|  |TAMS 0x0000000089b00000, 0x0000000089a00000| Untracked 
| 155|0x0000000089b00000, 0x0000000089bfffc8, 0x0000000089c00000| 99%| O|  |TAMS 0x0000000089bfffc8, 0x0000000089b00000| Untracked 
| 156|0x0000000089c00000, 0x0000000089d00000, 0x0000000089d00000|100%| O|  |TAMS 0x0000000089d00000, 0x0000000089c00000| Untracked 
| 157|0x0000000089d00000, 0x0000000089de3a88, 0x0000000089e00000| 88%| O|  |TAMS 0x0000000089de3a88, 0x0000000089d00000| Untracked 
| 158|0x0000000089e00000, 0x0000000089f00000, 0x0000000089f00000|100%| O|  |TAMS 0x0000000089f00000, 0x0000000089e00000| Untracked 
| 159|0x0000000089f00000, 0x000000008a000000, 0x000000008a000000|100%|HS|  |TAMS 0x0000000089f00000, 0x0000000089f00000| Complete 
| 160|0x000000008a000000, 0x000000008a100000, 0x000000008a100000|100%| O|  |TAMS 0x000000008a100000, 0x000000008a000000| Untracked 
| 161|0x000000008a100000, 0x000000008a200000, 0x000000008a200000|100%| O|  |TAMS 0x000000008a200000, 0x000000008a100000| Untracked 
| 162|0x000000008a200000, 0x000000008a300000, 0x000000008a300000|100%| O|  |TAMS 0x000000008a300000, 0x000000008a200000| Untracked 
| 163|0x000000008a300000, 0x000000008a400000, 0x000000008a400000|100%| O|  |TAMS 0x000000008a400000, 0x000000008a300000| Untracked 
| 164|0x000000008a400000, 0x000000008a500000, 0x000000008a500000|100%| O|  |TAMS 0x000000008a500000, 0x000000008a400000| Untracked 
| 165|0x000000008a500000, 0x000000008a600000, 0x000000008a600000|100%| O|  |TAMS 0x000000008a600000, 0x000000008a500000| Untracked 
| 166|0x000000008a600000, 0x000000008a700000, 0x000000008a700000|100%| O|  |TAMS 0x000000008a700000, 0x000000008a600000| Untracked 
| 167|0x000000008a700000, 0x000000008a800000, 0x000000008a800000|100%| O|  |TAMS 0x000000008a800000, 0x000000008a700000| Untracked 
| 168|0x000000008a800000, 0x000000008a900000, 0x000000008a900000|100%| O|  |TAMS 0x000000008a900000, 0x000000008a800000| Untracked 
| 169|0x000000008a900000, 0x000000008aa00000, 0x000000008aa00000|100%| O|  |TAMS 0x000000008aa00000, 0x000000008a900000| Untracked 
| 170|0x000000008aa00000, 0x000000008ab00000, 0x000000008ab00000|100%| O|  |TAMS 0x000000008ab00000, 0x000000008aa00000| Untracked 
| 171|0x000000008ab00000, 0x000000008ac00000, 0x000000008ac00000|100%| O|  |TAMS 0x000000008ab00000, 0x000000008ab00000| Untracked 
| 172|0x000000008ac00000, 0x000000008ad00000, 0x000000008ad00000|100%|HS|  |TAMS 0x000000008ac00000, 0x000000008ac00000| Complete 
| 173|0x000000008ad00000, 0x000000008ae00000, 0x000000008ae00000|100%| O|  |TAMS 0x000000008ae00000, 0x000000008ad00000| Complete 
| 174|0x000000008ae00000, 0x000000008af00000, 0x000000008af00000|100%| O|  |TAMS 0x000000008af00000, 0x000000008ae00000| Untracked 
| 175|0x000000008af00000, 0x000000008b000000, 0x000000008b000000|100%| O|  |TAMS 0x000000008b000000, 0x000000008af00000| Untracked 
| 176|0x000000008b000000, 0x000000008b100000, 0x000000008b100000|100%| O|  |TAMS 0x000000008b100000, 0x000000008b000000| Untracked 
| 177|0x000000008b100000, 0x000000008b200000, 0x000000008b200000|100%| O|  |TAMS 0x000000008b200000, 0x000000008b100000| Untracked 
| 178|0x000000008b200000, 0x000000008b300000, 0x000000008b300000|100%| O|  |TAMS 0x000000008b300000, 0x000000008b200000| Untracked 
| 179|0x000000008b300000, 0x000000008b400000, 0x000000008b400000|100%| O|  |TAMS 0x000000008b400000, 0x000000008b300000| Untracked 
| 180|0x000000008b400000, 0x000000008b500000, 0x000000008b500000|100%|HS|  |TAMS 0x000000008b400000, 0x000000008b400000| Complete 
| 181|0x000000008b500000, 0x000000008b600000, 0x000000008b600000|100%| O|  |TAMS 0x000000008b600000, 0x000000008b500000| Untracked 
| 182|0x000000008b600000, 0x000000008b700000, 0x000000008b700000|100%| O|  |TAMS 0x000000008b700000, 0x000000008b600000| Untracked 
| 183|0x000000008b700000, 0x000000008b800000, 0x000000008b800000|100%| O|  |TAMS 0x000000008b800000, 0x000000008b700000| Untracked 
| 184|0x000000008b800000, 0x000000008b900000, 0x000000008b900000|100%| O|  |TAMS 0x000000008b900000, 0x000000008b800000| Untracked 
| 185|0x000000008b900000, 0x000000008ba00000, 0x000000008ba00000|100%| O|  |TAMS 0x000000008b900000, 0x000000008b900000| Untracked 
| 186|0x000000008ba00000, 0x000000008bb00000, 0x000000008bb00000|100%| O|  |TAMS 0x000000008bb00000, 0x000000008ba00000| Untracked 
| 187|0x000000008bb00000, 0x000000008bc00000, 0x000000008bc00000|100%| O|  |TAMS 0x000000008bc00000, 0x000000008bb00000| Untracked 
| 188|0x000000008bc00000, 0x000000008bd00000, 0x000000008bd00000|100%| O|  |TAMS 0x000000008bd00000, 0x000000008bc00000| Untracked 
| 189|0x000000008bd00000, 0x000000008be00000, 0x000000008be00000|100%| O|  |TAMS 0x000000008be00000, 0x000000008bd00000| Untracked 
| 190|0x000000008be00000, 0x000000008bf00000, 0x000000008bf00000|100%| O|  |TAMS 0x000000008bf00000, 0x000000008be00000| Untracked 
| 191|0x000000008bf00000, 0x000000008c000000, 0x000000008c000000|100%| O|  |TAMS 0x000000008c000000, 0x000000008bf00000| Untracked 
| 192|0x000000008c000000, 0x000000008c100000, 0x000000008c100000|100%| O|  |TAMS 0x000000008c100000, 0x000000008c000000| Untracked 
| 193|0x000000008c100000, 0x000000008c200000, 0x000000008c200000|100%| O|  |TAMS 0x000000008c200000, 0x000000008c100000| Untracked 
| 194|0x000000008c200000, 0x000000008c300000, 0x000000008c300000|100%| O|  |TAMS 0x000000008c200000, 0x000000008c200000| Untracked 
| 195|0x000000008c300000, 0x000000008c400000, 0x000000008c400000|100%| O|  |TAMS 0x000000008c400000, 0x000000008c300000| Untracked 
| 196|0x000000008c400000, 0x000000008c500000, 0x000000008c500000|100%| O|  |TAMS 0x000000008c500000, 0x000000008c400000| Untracked 
| 197|0x000000008c500000, 0x000000008c600000, 0x000000008c600000|100%| O|  |TAMS 0x000000008c600000, 0x000000008c500000| Untracked 
| 198|0x000000008c600000, 0x000000008c700000, 0x000000008c700000|100%| O|  |TAMS 0x000000008c600000, 0x000000008c600000| Untracked 
| 199|0x000000008c700000, 0x000000008c700000, 0x000000008c800000|  0%| F|  |TAMS 0x000000008c700000, 0x000000008c700000| Untracked 
| 200|0x000000008c800000, 0x000000008c900000, 0x000000008c900000|100%| O|  |TAMS 0x000000008c900000, 0x000000008c800000| Untracked 
| 201|0x000000008c900000, 0x000000008ca00000, 0x000000008ca00000|100%| O|  |TAMS 0x000000008ca00000, 0x000000008c900000| Untracked 
| 202|0x000000008ca00000, 0x000000008cb00000, 0x000000008cb00000|100%| O|  |TAMS 0x000000008cb00000, 0x000000008ca00000| Untracked 
| 203|0x000000008cb00000, 0x000000008cc00000, 0x000000008cc00000|100%| O|  |TAMS 0x000000008cc00000, 0x000000008cb00000| Untracked 
| 204|0x000000008cc00000, 0x000000008cd00000, 0x000000008cd00000|100%| O|  |TAMS 0x000000008cd00000, 0x000000008cc00000| Untracked 
| 205|0x000000008cd00000, 0x000000008ce00000, 0x000000008ce00000|100%| O|  |TAMS 0x000000008ce00000, 0x000000008cd00000| Untracked 
| 206|0x000000008ce00000, 0x000000008cf00000, 0x000000008cf00000|100%| O|  |TAMS 0x000000008ce00000, 0x000000008ce00000| Untracked 
| 207|0x000000008cf00000, 0x000000008d000000, 0x000000008d000000|100%| O|  |TAMS 0x000000008d000000, 0x000000008cf00000| Untracked 
| 208|0x000000008d000000, 0x000000008d100000, 0x000000008d100000|100%|HS|  |TAMS 0x000000008d000000, 0x000000008d000000| Complete 
| 209|0x000000008d100000, 0x000000008d200000, 0x000000008d200000|100%| O|  |TAMS 0x000000008d200000, 0x000000008d100000| Untracked 
| 210|0x000000008d200000, 0x000000008d300000, 0x000000008d300000|100%| O|  |TAMS 0x000000008d300000, 0x000000008d200000| Untracked 
| 211|0x000000008d300000, 0x000000008d400000, 0x000000008d400000|100%| O|  |TAMS 0x000000008d300000, 0x000000008d300000| Untracked 
| 212|0x000000008d400000, 0x000000008d500000, 0x000000008d500000|100%| O|  |TAMS 0x000000008d500000, 0x000000008d400000| Untracked 
| 213|0x000000008d500000, 0x000000008d600000, 0x000000008d600000|100%|HS|  |TAMS 0x000000008d500000, 0x000000008d500000| Complete 
| 214|0x000000008d600000, 0x000000008d700000, 0x000000008d700000|100%|HC|  |TAMS 0x000000008d600000, 0x000000008d600000| Complete 
| 215|0x000000008d700000, 0x000000008d800000, 0x000000008d800000|100%| O|  |TAMS 0x000000008d700000, 0x000000008d700000| Untracked 
| 216|0x000000008d800000, 0x000000008d900000, 0x000000008d900000|100%| O|  |TAMS 0x000000008d800000, 0x000000008d800000| Untracked 
| 217|0x000000008d900000, 0x000000008da00000, 0x000000008da00000|100%| O|  |TAMS 0x000000008d900000, 0x000000008d900000| Untracked 
| 218|0x000000008da00000, 0x000000008db00000, 0x000000008db00000|100%| O|  |TAMS 0x000000008da00000, 0x000000008da00000| Untracked 
| 219|0x000000008db00000, 0x000000008dc00000, 0x000000008dc00000|100%| O|  |TAMS 0x000000008dc00000, 0x000000008db00000| Untracked 
| 220|0x000000008dc00000, 0x000000008dd00000, 0x000000008dd00000|100%| O|  |TAMS 0x000000008dd00000, 0x000000008dc00000| Untracked 
| 221|0x000000008dd00000, 0x000000008de00000, 0x000000008de00000|100%|HS|  |TAMS 0x000000008de00000, 0x000000008dd00000| Complete 
| 222|0x000000008de00000, 0x000000008df00000, 0x000000008df00000|100%|HC|  |TAMS 0x000000008df00000, 0x000000008de00000| Complete 
| 223|0x000000008df00000, 0x000000008e000000, 0x000000008e000000|100%|HS|  |TAMS 0x000000008e000000, 0x000000008df00000| Complete 
| 224|0x000000008e000000, 0x000000008e100000, 0x000000008e100000|100%|HC|  |TAMS 0x000000008e100000, 0x000000008e000000| Complete 
| 225|0x000000008e100000, 0x000000008e200000, 0x000000008e200000|100%|HS|  |TAMS 0x000000008e100000, 0x000000008e100000| Complete 
| 226|0x000000008e200000, 0x000000008e300000, 0x000000008e300000|100%| O|  |TAMS 0x000000008e300000, 0x000000008e200000| Untracked 
| 227|0x000000008e300000, 0x000000008e3fffe0, 0x000000008e400000| 99%| O|  |TAMS 0x000000008e3fffe0, 0x000000008e300000| Untracked 
| 228|0x000000008e400000, 0x000000008e500000, 0x000000008e500000|100%| O|  |TAMS 0x000000008e500000, 0x000000008e400000| Untracked 
| 229|0x000000008e500000, 0x000000008e600000, 0x000000008e600000|100%| O|  |TAMS 0x000000008e600000, 0x000000008e500000| Untracked 
| 230|0x000000008e600000, 0x000000008e6ffff8, 0x000000008e700000| 99%| O|  |TAMS 0x000000008e6ffff8, 0x000000008e600000| Untracked 
| 231|0x000000008e700000, 0x000000008e800000, 0x000000008e800000|100%| O|  |TAMS 0x000000008e800000, 0x000000008e700000| Untracked 
| 232|0x000000008e800000, 0x000000008e900000, 0x000000008e900000|100%| O|  |TAMS 0x000000008e800000, 0x000000008e800000| Untracked 
| 233|0x000000008e900000, 0x000000008ea00000, 0x000000008ea00000|100%| O|  |TAMS 0x000000008ea00000, 0x000000008e900000| Untracked 
| 234|0x000000008ea00000, 0x000000008eb00000, 0x000000008eb00000|100%|HS|  |TAMS 0x000000008ea00000, 0x000000008ea00000| Complete 
| 235|0x000000008eb00000, 0x000000008ec00000, 0x000000008ec00000|100%|HC|  |TAMS 0x000000008eb00000, 0x000000008eb00000| Complete 
| 236|0x000000008ec00000, 0x000000008ed00000, 0x000000008ed00000|100%| O|  |TAMS 0x000000008ed00000, 0x000000008ec00000| Untracked 
| 237|0x000000008ed00000, 0x000000008ee00000, 0x000000008ee00000|100%|HS|  |TAMS 0x000000008ed00000, 0x000000008ed00000| Complete 
| 238|0x000000008ee00000, 0x000000008eeffbf8, 0x000000008ef00000| 99%| O|  |TAMS 0x000000008eeffbf8, 0x000000008ee00000| Untracked 
| 239|0x000000008ef00000, 0x000000008f000000, 0x000000008f000000|100%| O|  |TAMS 0x000000008f000000, 0x000000008ef00000| Untracked 
| 240|0x000000008f000000, 0x000000008f100000, 0x000000008f100000|100%| O|  |TAMS 0x000000008f100000, 0x000000008f000000| Untracked 
| 241|0x000000008f100000, 0x000000008f1fffc0, 0x000000008f200000| 99%| O|  |TAMS 0x000000008f1fffc0, 0x000000008f100000| Untracked 
| 242|0x000000008f200000, 0x000000008f300000, 0x000000008f300000|100%| O|  |TAMS 0x000000008f300000, 0x000000008f200000| Untracked 
| 243|0x000000008f300000, 0x000000008f400000, 0x000000008f400000|100%| O|  |TAMS 0x000000008f400000, 0x000000008f300000| Untracked 
| 244|0x000000008f400000, 0x000000008f500000, 0x000000008f500000|100%| O|  |TAMS 0x000000008f500000, 0x000000008f400000| Untracked 
| 245|0x000000008f500000, 0x000000008f600000, 0x000000008f600000|100%| O|  |TAMS 0x000000008f600000, 0x000000008f500000| Untracked 
| 246|0x000000008f600000, 0x000000008f700000, 0x000000008f700000|100%| O|  |TAMS 0x000000008f700000, 0x000000008f600000| Untracked 
| 247|0x000000008f700000, 0x000000008f800000, 0x000000008f800000|100%| O|  |TAMS 0x000000008f800000, 0x000000008f700000| Untracked 
| 248|0x000000008f800000, 0x000000008f900000, 0x000000008f900000|100%| O|  |TAMS 0x000000008f900000, 0x000000008f800000| Complete 
| 249|0x000000008f900000, 0x000000008fa00000, 0x000000008fa00000|100%|HS|  |TAMS 0x000000008fa00000, 0x000000008f900000| Complete 
| 250|0x000000008fa00000, 0x000000008fb00000, 0x000000008fb00000|100%|HS|  |TAMS 0x000000008fb00000, 0x000000008fa00000| Complete 
| 251|0x000000008fb00000, 0x000000008fc00000, 0x000000008fc00000|100%| O|  |TAMS 0x000000008fc00000, 0x000000008fb00000| Untracked 
| 252|0x000000008fc00000, 0x000000008fd00000, 0x000000008fd00000|100%|HS|  |TAMS 0x000000008fd00000, 0x000000008fc00000| Complete 
| 253|0x000000008fd00000, 0x000000008fe00000, 0x000000008fe00000|100%|HC|  |TAMS 0x000000008fe00000, 0x000000008fd00000| Complete 
| 254|0x000000008fe00000, 0x000000008ff00000, 0x000000008ff00000|100%|HS|  |TAMS 0x000000008fe00000, 0x000000008fe00000| Complete 
| 255|0x000000008ff00000, 0x0000000090000000, 0x0000000090000000|100%|HC|  |TAMS 0x000000008ff00000, 0x000000008ff00000| Complete 
| 256|0x0000000090000000, 0x0000000090100000, 0x0000000090100000|100%| O|  |TAMS 0x0000000090100000, 0x0000000090000000| Untracked 
| 257|0x0000000090100000, 0x0000000090200000, 0x0000000090200000|100%| O|  |TAMS 0x0000000090100000, 0x0000000090100000| Untracked 
| 258|0x0000000090200000, 0x0000000090300000, 0x0000000090300000|100%| O|  |TAMS 0x0000000090300000, 0x0000000090200000| Untracked 
| 259|0x0000000090300000, 0x0000000090400000, 0x0000000090400000|100%| O|  |TAMS 0x0000000090400000, 0x0000000090300000| Untracked 
| 260|0x0000000090400000, 0x0000000090500000, 0x0000000090500000|100%|HS|  |TAMS 0x0000000090400000, 0x0000000090400000| Complete 
| 261|0x0000000090500000, 0x00000000905ffff0, 0x0000000090600000| 99%| O|  |TAMS 0x00000000905ffff0, 0x0000000090500000| Untracked 
| 262|0x0000000090600000, 0x0000000090700000, 0x0000000090700000|100%| O|  |TAMS 0x0000000090700000, 0x0000000090600000| Untracked 
| 263|0x0000000090700000, 0x0000000090800000, 0x0000000090800000|100%|HS|  |TAMS 0x0000000090700000, 0x0000000090700000| Complete 
| 264|0x0000000090800000, 0x0000000090900000, 0x0000000090900000|100%|HC|  |TAMS 0x0000000090800000, 0x0000000090800000| Complete 
| 265|0x0000000090900000, 0x0000000090a00000, 0x0000000090a00000|100%| O|  |TAMS 0x0000000090a00000, 0x0000000090900000| Untracked 
| 266|0x0000000090a00000, 0x0000000090b00000, 0x0000000090b00000|100%|HS|  |TAMS 0x0000000090a00000, 0x0000000090a00000| Complete 
| 267|0x0000000090b00000, 0x0000000090c00000, 0x0000000090c00000|100%|HC|  |TAMS 0x0000000090b00000, 0x0000000090b00000| Complete 
| 268|0x0000000090c00000, 0x0000000090d00000, 0x0000000090d00000|100%|HC|  |TAMS 0x0000000090c00000, 0x0000000090c00000| Complete 
| 269|0x0000000090d00000, 0x0000000090e00000, 0x0000000090e00000|100%|HS|  |TAMS 0x0000000090d00000, 0x0000000090d00000| Complete 
| 270|0x0000000090e00000, 0x0000000090f00000, 0x0000000090f00000|100%|HC|  |TAMS 0x0000000090e00000, 0x0000000090e00000| Complete 
| 271|0x0000000090f00000, 0x0000000091000000, 0x0000000091000000|100%|HC|  |TAMS 0x0000000090f00000, 0x0000000090f00000| Complete 
| 272|0x0000000091000000, 0x0000000091100000, 0x0000000091100000|100%| O|  |TAMS 0x0000000091000000, 0x0000000091000000| Untracked 
| 273|0x0000000091100000, 0x0000000091200000, 0x0000000091200000|100%| O|  |TAMS 0x0000000091100000, 0x0000000091100000| Untracked 
| 274|0x0000000091200000, 0x0000000091300000, 0x0000000091300000|100%| O|  |TAMS 0x0000000091200000, 0x0000000091200000| Untracked 
| 275|0x0000000091300000, 0x0000000091400000, 0x0000000091400000|100%| O|  |TAMS 0x0000000091300000, 0x0000000091300000| Untracked 
| 276|0x0000000091400000, 0x0000000091500000, 0x0000000091500000|100%| O|  |TAMS 0x0000000091500000, 0x0000000091400000| Untracked 
| 277|0x0000000091500000, 0x0000000091600000, 0x0000000091600000|100%| O|  |TAMS 0x0000000091600000, 0x0000000091500000| Untracked 
| 278|0x0000000091600000, 0x0000000091700000, 0x0000000091700000|100%| O|  |TAMS 0x0000000091700000, 0x0000000091600000| Complete 
| 279|0x0000000091700000, 0x00000000917ffff8, 0x0000000091800000| 99%| O|  |TAMS 0x00000000917ffff8, 0x0000000091700000| Untracked 
| 280|0x0000000091800000, 0x00000000918ce4a0, 0x0000000091900000| 80%| O|  |TAMS 0x00000000918ce4a0, 0x0000000091800000| Untracked 
| 281|0x0000000091900000, 0x0000000091a00000, 0x0000000091a00000|100%| O|  |TAMS 0x0000000091a00000, 0x0000000091900000| Untracked 
| 282|0x0000000091a00000, 0x0000000091b00000, 0x0000000091b00000|100%| O|  |TAMS 0x0000000091b00000, 0x0000000091a00000| Untracked 
| 283|0x0000000091b00000, 0x0000000091c00000, 0x0000000091c00000|100%| O|  |TAMS 0x0000000091b00000, 0x0000000091b00000| Untracked 
| 284|0x0000000091c00000, 0x0000000091d00000, 0x0000000091d00000|100%| O|  |TAMS 0x0000000091d00000, 0x0000000091c00000| Untracked 
| 285|0x0000000091d00000, 0x0000000091e00000, 0x0000000091e00000|100%| O|  |TAMS 0x0000000091e00000, 0x0000000091d00000| Untracked 
| 286|0x0000000091e00000, 0x0000000091f00000, 0x0000000091f00000|100%| O|  |TAMS 0x0000000091f00000, 0x0000000091e00000| Untracked 
| 287|0x0000000091f00000, 0x0000000092000000, 0x0000000092000000|100%|HS|  |TAMS 0x0000000091f00000, 0x0000000091f00000| Complete 
| 288|0x0000000092000000, 0x0000000092100000, 0x0000000092100000|100%|HC|  |TAMS 0x0000000092000000, 0x0000000092000000| Complete 
| 289|0x0000000092100000, 0x0000000092200000, 0x0000000092200000|100%| O|  |TAMS 0x0000000092200000, 0x0000000092100000| Untracked 
| 290|0x0000000092200000, 0x0000000092300000, 0x0000000092300000|100%| O|  |TAMS 0x0000000092200000, 0x0000000092200000| Untracked 
| 291|0x0000000092300000, 0x0000000092400000, 0x0000000092400000|100%| O|  |TAMS 0x0000000092300000, 0x0000000092300000| Untracked 
| 292|0x0000000092400000, 0x0000000092500000, 0x0000000092500000|100%| O|  |TAMS 0x0000000092500000, 0x0000000092400000| Untracked 
| 293|0x0000000092500000, 0x0000000092600000, 0x0000000092600000|100%|HS|  |TAMS 0x0000000092600000, 0x0000000092500000| Complete 
| 294|0x0000000092600000, 0x0000000092700000, 0x0000000092700000|100%|HS|  |TAMS 0x0000000092700000, 0x0000000092600000| Complete 
| 295|0x0000000092700000, 0x0000000092800000, 0x0000000092800000|100%| O|  |TAMS 0x0000000092800000, 0x0000000092700000| Untracked 
| 296|0x0000000092800000, 0x0000000092900000, 0x0000000092900000|100%| O|  |TAMS 0x0000000092800000, 0x0000000092800000| Untracked 
| 297|0x0000000092900000, 0x0000000092a00000, 0x0000000092a00000|100%| O|  |TAMS 0x0000000092a00000, 0x0000000092900000| Untracked 
| 298|0x0000000092a00000, 0x0000000092b00000, 0x0000000092b00000|100%|HS|  |TAMS 0x0000000092a00000, 0x0000000092a00000| Complete 
| 299|0x0000000092b00000, 0x0000000092c00000, 0x0000000092c00000|100%|HC|  |TAMS 0x0000000092b00000, 0x0000000092b00000| Complete 
| 300|0x0000000092c00000, 0x0000000092d00000, 0x0000000092d00000|100%| O|  |TAMS 0x0000000092c00000, 0x0000000092c00000| Untracked 
| 301|0x0000000092d00000, 0x0000000092e00000, 0x0000000092e00000|100%| O|  |TAMS 0x0000000092d00000, 0x0000000092d00000| Untracked 
| 302|0x0000000092e00000, 0x0000000092f00000, 0x0000000092f00000|100%| O|  |TAMS 0x0000000092e00000, 0x0000000092e00000| Untracked 
| 303|0x0000000092f00000, 0x0000000093000000, 0x0000000093000000|100%| O|  |TAMS 0x0000000093000000, 0x0000000092f00000| Untracked 
| 304|0x0000000093000000, 0x0000000093100000, 0x0000000093100000|100%| O|  |TAMS 0x0000000093000000, 0x0000000093000000| Untracked 
| 305|0x0000000093100000, 0x0000000093200000, 0x0000000093200000|100%| O|  |TAMS 0x0000000093100000, 0x0000000093100000| Untracked 
| 306|0x0000000093200000, 0x0000000093300000, 0x0000000093300000|100%| O|  |TAMS 0x0000000093300000, 0x0000000093200000| Untracked 
| 307|0x0000000093300000, 0x0000000093400000, 0x0000000093400000|100%|HS|  |TAMS 0x0000000093300000, 0x0000000093300000| Complete 
| 308|0x0000000093400000, 0x0000000093500000, 0x0000000093500000|100%| O|  |TAMS 0x0000000093500000, 0x0000000093400000| Untracked 
| 309|0x0000000093500000, 0x0000000093600000, 0x0000000093600000|100%| O|  |TAMS 0x0000000093500000, 0x0000000093500000| Untracked 
| 310|0x0000000093600000, 0x0000000093700000, 0x0000000093700000|100%| O|  |TAMS 0x0000000093700000, 0x0000000093600000| Untracked 
| 311|0x0000000093700000, 0x0000000093800000, 0x0000000093800000|100%| O|  |TAMS 0x0000000093800000, 0x0000000093700000| Untracked 
| 312|0x0000000093800000, 0x0000000093900000, 0x0000000093900000|100%| O|  |TAMS 0x0000000093900000, 0x0000000093800000| Untracked 
| 313|0x0000000093900000, 0x0000000093a00000, 0x0000000093a00000|100%|HS|  |TAMS 0x0000000093900000, 0x0000000093900000| Complete 
| 314|0x0000000093a00000, 0x0000000093b00000, 0x0000000093b00000|100%| O|  |TAMS 0x0000000093b00000, 0x0000000093a00000| Untracked 
| 315|0x0000000093b00000, 0x0000000093c00000, 0x0000000093c00000|100%| O|  |TAMS 0x0000000093b00000, 0x0000000093b00000| Untracked 
| 316|0x0000000093c00000, 0x0000000093d00000, 0x0000000093d00000|100%| O|  |TAMS 0x0000000093d00000, 0x0000000093c00000| Untracked 
| 317|0x0000000093d00000, 0x0000000093e00000, 0x0000000093e00000|100%| O|  |TAMS 0x0000000093e00000, 0x0000000093d00000| Untracked 
| 318|0x0000000093e00000, 0x0000000093f00000, 0x0000000093f00000|100%| O|  |TAMS 0x0000000093e00000, 0x0000000093e00000| Untracked 
| 319|0x0000000093f00000, 0x0000000094000000, 0x0000000094000000|100%| O|  |TAMS 0x0000000093f00000, 0x0000000093f00000| Untracked 
| 320|0x0000000094000000, 0x0000000094100000, 0x0000000094100000|100%| O|  |TAMS 0x0000000094000000, 0x0000000094000000| Untracked 
| 321|0x0000000094100000, 0x0000000094200000, 0x0000000094200000|100%| O|  |TAMS 0x0000000094100000, 0x0000000094100000| Untracked 
| 322|0x0000000094200000, 0x0000000094300000, 0x0000000094300000|100%| O|  |TAMS 0x0000000094300000, 0x0000000094200000| Complete 
| 323|0x0000000094300000, 0x0000000094400000, 0x0000000094400000|100%| O|  |TAMS 0x0000000094400000, 0x0000000094300000| Untracked 
| 324|0x0000000094400000, 0x0000000094500000, 0x0000000094500000|100%|HS|  |TAMS 0x0000000094400000, 0x0000000094400000| Complete 
| 325|0x0000000094500000, 0x0000000094600000, 0x0000000094600000|100%|HC|  |TAMS 0x0000000094500000, 0x0000000094500000| Complete 
| 326|0x0000000094600000, 0x0000000094700000, 0x0000000094700000|100%|HC|  |TAMS 0x0000000094600000, 0x0000000094600000| Complete 
| 327|0x0000000094700000, 0x0000000094800000, 0x0000000094800000|100%| O|  |TAMS 0x0000000094700000, 0x0000000094700000| Untracked 
| 328|0x0000000094800000, 0x0000000094900000, 0x0000000094900000|100%| O|  |TAMS 0x0000000094900000, 0x0000000094800000| Untracked 
| 329|0x0000000094900000, 0x0000000094a00000, 0x0000000094a00000|100%| O|  |TAMS 0x0000000094a00000, 0x0000000094900000| Untracked 
| 330|0x0000000094a00000, 0x0000000094b00000, 0x0000000094b00000|100%| O|  |TAMS 0x0000000094b00000, 0x0000000094a00000| Untracked 
| 331|0x0000000094b00000, 0x0000000094c00000, 0x0000000094c00000|100%| O|  |TAMS 0x0000000094c00000, 0x0000000094b00000| Untracked 
| 332|0x0000000094c00000, 0x0000000094d00000, 0x0000000094d00000|100%| O|  |TAMS 0x0000000094c00000, 0x0000000094c00000| Untracked 
| 333|0x0000000094d00000, 0x0000000094e00000, 0x0000000094e00000|100%| O|  |TAMS 0x0000000094d00000, 0x0000000094d00000| Untracked 
| 334|0x0000000094e00000, 0x0000000094f00000, 0x0000000094f00000|100%| O|  |TAMS 0x0000000094f00000, 0x0000000094e00000| Untracked 
| 335|0x0000000094f00000, 0x0000000095000000, 0x0000000095000000|100%| O|  |TAMS 0x0000000095000000, 0x0000000094f00000| Untracked 
| 336|0x0000000095000000, 0x0000000095100000, 0x0000000095100000|100%| O|  |TAMS 0x0000000095100000, 0x0000000095000000| Untracked 
| 337|0x0000000095100000, 0x0000000095200000, 0x0000000095200000|100%| O|  |TAMS 0x0000000095200000, 0x0000000095100000| Untracked 
| 338|0x0000000095200000, 0x0000000095300000, 0x0000000095300000|100%| O|  |TAMS 0x0000000095300000, 0x0000000095200000| Untracked 
| 339|0x0000000095300000, 0x0000000095400000, 0x0000000095400000|100%| O|  |TAMS 0x0000000095300000, 0x0000000095300000| Untracked 
| 340|0x0000000095400000, 0x0000000095500000, 0x0000000095500000|100%| O|  |TAMS 0x0000000095500000, 0x0000000095400000| Untracked 
| 341|0x0000000095500000, 0x0000000095600000, 0x0000000095600000|100%| O|  |TAMS 0x0000000095600000, 0x0000000095500000| Untracked 
| 342|0x0000000095600000, 0x0000000095700000, 0x0000000095700000|100%| O|  |TAMS 0x0000000095700000, 0x0000000095600000| Untracked 
| 343|0x0000000095700000, 0x0000000095800000, 0x0000000095800000|100%| O|  |TAMS 0x0000000095800000, 0x0000000095700000| Untracked 
| 344|0x0000000095800000, 0x0000000095900000, 0x0000000095900000|100%| O|  |TAMS 0x0000000095900000, 0x0000000095800000| Untracked 
| 345|0x0000000095900000, 0x0000000095a00000, 0x0000000095a00000|100%| O|  |TAMS 0x0000000095900000, 0x0000000095900000| Untracked 
| 346|0x0000000095a00000, 0x0000000095b00000, 0x0000000095b00000|100%|HS|  |TAMS 0x0000000095a00000, 0x0000000095a00000| Complete 
| 347|0x0000000095b00000, 0x0000000095c00000, 0x0000000095c00000|100%|HC|  |TAMS 0x0000000095b00000, 0x0000000095b00000| Complete 
| 348|0x0000000095c00000, 0x0000000095d00000, 0x0000000095d00000|100%| O|  |TAMS 0x0000000095c00000, 0x0000000095c00000| Untracked 
| 349|0x0000000095d00000, 0x0000000095e00000, 0x0000000095e00000|100%| O|  |TAMS 0x0000000095d00000, 0x0000000095d00000| Untracked 
| 350|0x0000000095e00000, 0x0000000095f00000, 0x0000000095f00000|100%| O|  |TAMS 0x0000000095e00000, 0x0000000095e00000| Untracked 
| 351|0x0000000095f00000, 0x0000000096000000, 0x0000000096000000|100%| O|  |TAMS 0x0000000095f00000, 0x0000000095f00000| Untracked 
| 352|0x0000000096000000, 0x0000000096100000, 0x0000000096100000|100%| O|  |TAMS 0x0000000096000000, 0x0000000096000000| Untracked 
| 353|0x0000000096100000, 0x0000000096200000, 0x0000000096200000|100%| O|  |TAMS 0x0000000096100000, 0x0000000096100000| Untracked 
| 354|0x0000000096200000, 0x0000000096300000, 0x0000000096300000|100%| O|  |TAMS 0x0000000096200000, 0x0000000096200000| Untracked 
| 355|0x0000000096300000, 0x0000000096400000, 0x0000000096400000|100%| O|  |TAMS 0x0000000096300000, 0x0000000096300000| Untracked 
| 356|0x0000000096400000, 0x0000000096500000, 0x0000000096500000|100%|HS|  |TAMS 0x0000000096400000, 0x0000000096400000| Complete 
| 357|0x0000000096500000, 0x0000000096600000, 0x0000000096600000|100%|HC|  |TAMS 0x0000000096500000, 0x0000000096500000| Complete 
| 358|0x0000000096600000, 0x0000000096700000, 0x0000000096700000|100%|HC|  |TAMS 0x0000000096600000, 0x0000000096600000| Complete 
| 359|0x0000000096700000, 0x0000000096800000, 0x0000000096800000|100%| O|  |TAMS 0x0000000096800000, 0x0000000096700000| Complete 
| 360|0x0000000096800000, 0x0000000096800000, 0x0000000096900000|  0%| F|  |TAMS 0x0000000096800000, 0x0000000096800000| Untracked 
| 361|0x0000000096900000, 0x0000000096a00000, 0x0000000096a00000|100%| O|  |TAMS 0x0000000096900000, 0x0000000096900000| Untracked 
| 362|0x0000000096a00000, 0x0000000096b00000, 0x0000000096b00000|100%| O|  |TAMS 0x0000000096a00000, 0x0000000096a00000| Untracked 
| 363|0x0000000096b00000, 0x0000000096c00000, 0x0000000096c00000|100%| O|  |TAMS 0x0000000096b00000, 0x0000000096b00000| Untracked 
| 364|0x0000000096c00000, 0x0000000096d00000, 0x0000000096d00000|100%| O|  |TAMS 0x0000000096d00000, 0x0000000096c00000| Untracked 
| 365|0x0000000096d00000, 0x0000000096e00000, 0x0000000096e00000|100%| O|  |TAMS 0x0000000096e00000, 0x0000000096d00000| Untracked 
| 366|0x0000000096e00000, 0x0000000096f00000, 0x0000000096f00000|100%| O|  |TAMS 0x0000000096f00000, 0x0000000096e00000| Untracked 
| 367|0x0000000096f00000, 0x0000000097000000, 0x0000000097000000|100%| O|  |TAMS 0x0000000097000000, 0x0000000096f00000| Untracked 
| 368|0x0000000097000000, 0x0000000097100000, 0x0000000097100000|100%| O|  |TAMS 0x0000000097000000, 0x0000000097000000| Untracked 
| 369|0x0000000097100000, 0x0000000097200000, 0x0000000097200000|100%| O|  |TAMS 0x0000000097200000, 0x0000000097100000| Untracked 
| 370|0x0000000097200000, 0x0000000097300000, 0x0000000097300000|100%| O|  |TAMS 0x0000000097300000, 0x0000000097200000| Untracked 
| 371|0x0000000097300000, 0x0000000097400000, 0x0000000097400000|100%| O|  |TAMS 0x0000000097300000, 0x0000000097300000| Untracked 
| 372|0x0000000097400000, 0x0000000097500000, 0x0000000097500000|100%| O|  |TAMS 0x0000000097400000, 0x0000000097400000| Untracked 
| 373|0x0000000097500000, 0x0000000097600000, 0x0000000097600000|100%| O|  |TAMS 0x0000000097500000, 0x0000000097500000| Untracked 
| 374|0x0000000097600000, 0x0000000097700000, 0x0000000097700000|100%| O|  |TAMS 0x0000000097600000, 0x0000000097600000| Untracked 
| 375|0x0000000097700000, 0x0000000097800000, 0x0000000097800000|100%| O|  |TAMS 0x0000000097700000, 0x0000000097700000| Untracked 
| 376|0x0000000097800000, 0x0000000097900000, 0x0000000097900000|100%| O|  |TAMS 0x0000000097800000, 0x0000000097800000| Untracked 
| 377|0x0000000097900000, 0x0000000097a00000, 0x0000000097a00000|100%| O|  |TAMS 0x0000000097900000, 0x0000000097900000| Untracked 
| 378|0x0000000097a00000, 0x0000000097b00000, 0x0000000097b00000|100%| O|  |TAMS 0x0000000097a00000, 0x0000000097a00000| Untracked 
| 379|0x0000000097b00000, 0x0000000097c00000, 0x0000000097c00000|100%| O|  |TAMS 0x0000000097b00000, 0x0000000097b00000| Untracked 
| 380|0x0000000097c00000, 0x0000000097d00000, 0x0000000097d00000|100%| O|  |TAMS 0x0000000097c00000, 0x0000000097c00000| Untracked 
| 381|0x0000000097d00000, 0x0000000097e00000, 0x0000000097e00000|100%| O|  |TAMS 0x0000000097d00000, 0x0000000097d00000| Untracked 
| 382|0x0000000097e00000, 0x0000000097f00000, 0x0000000097f00000|100%| O|  |TAMS 0x0000000097e00000, 0x0000000097e00000| Untracked 
| 383|0x0000000097f00000, 0x0000000098000000, 0x0000000098000000|100%| O|  |TAMS 0x0000000097f00000, 0x0000000097f00000| Untracked 
| 384|0x0000000098000000, 0x0000000098100000, 0x0000000098100000|100%| O|  |TAMS 0x0000000098000000, 0x0000000098000000| Untracked 
| 385|0x0000000098100000, 0x0000000098200000, 0x0000000098200000|100%| O|  |TAMS 0x0000000098100000, 0x0000000098100000| Untracked 
| 386|0x0000000098200000, 0x0000000098300000, 0x0000000098300000|100%| O|  |TAMS 0x0000000098200000, 0x0000000098200000| Untracked 
| 387|0x0000000098300000, 0x0000000098400000, 0x0000000098400000|100%| O|  |TAMS 0x0000000098300000, 0x0000000098300000| Untracked 
| 388|0x0000000098400000, 0x0000000098500000, 0x0000000098500000|100%| O|  |TAMS 0x0000000098400000, 0x0000000098400000| Untracked 
| 389|0x0000000098500000, 0x0000000098600000, 0x0000000098600000|100%| O|  |TAMS 0x0000000098500000, 0x0000000098500000| Untracked 
| 390|0x0000000098600000, 0x0000000098700000, 0x0000000098700000|100%| O|  |TAMS 0x0000000098600000, 0x0000000098600000| Untracked 
| 391|0x0000000098700000, 0x0000000098800000, 0x0000000098800000|100%| O|  |TAMS 0x0000000098700000, 0x0000000098700000| Untracked 
| 392|0x0000000098800000, 0x0000000098900000, 0x0000000098900000|100%| O|  |TAMS 0x0000000098800000, 0x0000000098800000| Untracked 
| 393|0x0000000098900000, 0x0000000098a00000, 0x0000000098a00000|100%| O|  |TAMS 0x0000000098900000, 0x0000000098900000| Untracked 
| 394|0x0000000098a00000, 0x0000000098b00000, 0x0000000098b00000|100%| O|  |TAMS 0x0000000098a00000, 0x0000000098a00000| Untracked 
| 395|0x0000000098b00000, 0x0000000098c00000, 0x0000000098c00000|100%| O|  |TAMS 0x0000000098b00000, 0x0000000098b00000| Untracked 
| 396|0x0000000098c00000, 0x0000000098d00000, 0x0000000098d00000|100%| O|  |TAMS 0x0000000098c00000, 0x0000000098c00000| Untracked 
| 397|0x0000000098d00000, 0x0000000098e00000, 0x0000000098e00000|100%| O|  |TAMS 0x0000000098d00000, 0x0000000098d00000| Untracked 
| 398|0x0000000098e00000, 0x0000000098f00000, 0x0000000098f00000|100%| O|  |TAMS 0x0000000098e00000, 0x0000000098e00000| Untracked 
| 399|0x0000000098f00000, 0x0000000099000000, 0x0000000099000000|100%| O|  |TAMS 0x0000000098f00000, 0x0000000098f00000| Untracked 
| 400|0x0000000099000000, 0x0000000099100000, 0x0000000099100000|100%| O|  |TAMS 0x0000000099000000, 0x0000000099000000| Untracked 
| 401|0x0000000099100000, 0x0000000099200000, 0x0000000099200000|100%| O|  |TAMS 0x0000000099100000, 0x0000000099100000| Untracked 
| 402|0x0000000099200000, 0x0000000099300000, 0x0000000099300000|100%| O|  |TAMS 0x0000000099200000, 0x0000000099200000| Untracked 
| 403|0x0000000099300000, 0x0000000099400000, 0x0000000099400000|100%| O|  |TAMS 0x0000000099300000, 0x0000000099300000| Untracked 
| 404|0x0000000099400000, 0x0000000099500000, 0x0000000099500000|100%| O|  |TAMS 0x0000000099400000, 0x0000000099400000| Untracked 
| 405|0x0000000099500000, 0x0000000099600000, 0x0000000099600000|100%| O|  |TAMS 0x0000000099500000, 0x0000000099500000| Untracked 
| 406|0x0000000099600000, 0x0000000099700000, 0x0000000099700000|100%| O|  |TAMS 0x0000000099600000, 0x0000000099600000| Untracked 
| 407|0x0000000099700000, 0x0000000099800000, 0x0000000099800000|100%| O|  |TAMS 0x0000000099700000, 0x0000000099700000| Untracked 
| 408|0x0000000099800000, 0x0000000099900000, 0x0000000099900000|100%| O|  |TAMS 0x0000000099800000, 0x0000000099800000| Untracked 
| 409|0x0000000099900000, 0x0000000099a00000, 0x0000000099a00000|100%| O|  |TAMS 0x0000000099900000, 0x0000000099900000| Untracked 
| 410|0x0000000099a00000, 0x0000000099b00000, 0x0000000099b00000|100%| O|  |TAMS 0x0000000099a00000, 0x0000000099a00000| Untracked 
| 411|0x0000000099b00000, 0x0000000099c00000, 0x0000000099c00000|100%| O|  |TAMS 0x0000000099b00000, 0x0000000099b00000| Untracked 
| 412|0x0000000099c00000, 0x0000000099d00000, 0x0000000099d00000|100%| O|  |TAMS 0x0000000099c00000, 0x0000000099c00000| Untracked 
| 413|0x0000000099d00000, 0x0000000099e00000, 0x0000000099e00000|100%| O|  |TAMS 0x0000000099d00000, 0x0000000099d00000| Untracked 
| 414|0x0000000099e00000, 0x0000000099f00000, 0x0000000099f00000|100%| O|  |TAMS 0x0000000099e00000, 0x0000000099e00000| Untracked 
| 415|0x0000000099f00000, 0x000000009a000000, 0x000000009a000000|100%| O|  |TAMS 0x0000000099f00000, 0x0000000099f00000| Untracked 
| 416|0x000000009a000000, 0x000000009a100000, 0x000000009a100000|100%| O|  |TAMS 0x000000009a000000, 0x000000009a000000| Untracked 
| 417|0x000000009a100000, 0x000000009a200000, 0x000000009a200000|100%| O|  |TAMS 0x000000009a100000, 0x000000009a100000| Untracked 
| 418|0x000000009a200000, 0x000000009a300000, 0x000000009a300000|100%| O|  |TAMS 0x000000009a200000, 0x000000009a200000| Untracked 
| 419|0x000000009a300000, 0x000000009a400000, 0x000000009a400000|100%| O|  |TAMS 0x000000009a300000, 0x000000009a300000| Untracked 
| 420|0x000000009a400000, 0x000000009a500000, 0x000000009a500000|100%| O|  |TAMS 0x000000009a400000, 0x000000009a400000| Untracked 
| 421|0x000000009a500000, 0x000000009a600000, 0x000000009a600000|100%| O|  |TAMS 0x000000009a500000, 0x000000009a500000| Untracked 
| 422|0x000000009a600000, 0x000000009a700000, 0x000000009a700000|100%| O|  |TAMS 0x000000009a600000, 0x000000009a600000| Untracked 
| 423|0x000000009a700000, 0x000000009a800000, 0x000000009a800000|100%| O|  |TAMS 0x000000009a700000, 0x000000009a700000| Untracked 
| 424|0x000000009a800000, 0x000000009a900000, 0x000000009a900000|100%| O|  |TAMS 0x000000009a800000, 0x000000009a800000| Untracked 
| 425|0x000000009a900000, 0x000000009aa00000, 0x000000009aa00000|100%| O|  |TAMS 0x000000009a900000, 0x000000009a900000| Untracked 
| 426|0x000000009aa00000, 0x000000009ab00000, 0x000000009ab00000|100%| O|  |TAMS 0x000000009aa00000, 0x000000009aa00000| Untracked 
| 427|0x000000009ab00000, 0x000000009ac00000, 0x000000009ac00000|100%| O|  |TAMS 0x000000009ab00000, 0x000000009ab00000| Untracked 
| 428|0x000000009ac00000, 0x000000009ad00000, 0x000000009ad00000|100%| O|  |TAMS 0x000000009ac00000, 0x000000009ac00000| Untracked 
| 429|0x000000009ad00000, 0x000000009ae00000, 0x000000009ae00000|100%| O|  |TAMS 0x000000009ad00000, 0x000000009ad00000| Untracked 
| 430|0x000000009ae00000, 0x000000009af00000, 0x000000009af00000|100%| O|  |TAMS 0x000000009ae00000, 0x000000009ae00000| Untracked 
| 431|0x000000009af00000, 0x000000009b000000, 0x000000009b000000|100%| O|  |TAMS 0x000000009af00000, 0x000000009af00000| Untracked 
| 432|0x000000009b000000, 0x000000009b100000, 0x000000009b100000|100%| O|  |TAMS 0x000000009b000000, 0x000000009b000000| Untracked 
| 433|0x000000009b100000, 0x000000009b200000, 0x000000009b200000|100%| O|  |TAMS 0x000000009b100000, 0x000000009b100000| Untracked 
| 434|0x000000009b200000, 0x000000009b300000, 0x000000009b300000|100%| O|  |TAMS 0x000000009b200000, 0x000000009b200000| Untracked 
| 435|0x000000009b300000, 0x000000009b400000, 0x000000009b400000|100%| O|  |TAMS 0x000000009b300000, 0x000000009b300000| Untracked 
| 436|0x000000009b400000, 0x000000009b500000, 0x000000009b500000|100%| O|  |TAMS 0x000000009b400000, 0x000000009b400000| Untracked 
| 437|0x000000009b500000, 0x000000009b600000, 0x000000009b600000|100%| O|  |TAMS 0x000000009b500000, 0x000000009b500000| Untracked 
| 438|0x000000009b600000, 0x000000009b700000, 0x000000009b700000|100%| O|  |TAMS 0x000000009b600000, 0x000000009b600000| Untracked 
| 439|0x000000009b700000, 0x000000009b800000, 0x000000009b800000|100%| O|  |TAMS 0x000000009b700000, 0x000000009b700000| Untracked 
| 440|0x000000009b800000, 0x000000009b900000, 0x000000009b900000|100%| O|  |TAMS 0x000000009b800000, 0x000000009b800000| Untracked 
| 441|0x000000009b900000, 0x000000009b980000, 0x000000009ba00000| 50%| O|  |TAMS 0x000000009b900000, 0x000000009b900000| Untracked 
| 442|0x000000009ba00000, 0x000000009ba00000, 0x000000009bb00000|  0%| F|  |TAMS 0x000000009ba00000, 0x000000009ba00000| Untracked 
| 443|0x000000009bb00000, 0x000000009bb00000, 0x000000009bc00000|  0%| F|  |TAMS 0x000000009bb00000, 0x000000009bb00000| Untracked 
| 444|0x000000009bc00000, 0x000000009bc00000, 0x000000009bd00000|  0%| F|  |TAMS 0x000000009bc00000, 0x000000009bc00000| Untracked 
| 445|0x000000009bd00000, 0x000000009bd00000, 0x000000009be00000|  0%| F|  |TAMS 0x000000009bd00000, 0x000000009bd00000| Untracked 
| 446|0x000000009be00000, 0x000000009be00000, 0x000000009bf00000|  0%| F|  |TAMS 0x000000009be00000, 0x000000009be00000| Untracked 
| 447|0x000000009bf00000, 0x000000009bf00000, 0x000000009c000000|  0%| F|  |TAMS 0x000000009bf00000, 0x000000009bf00000| Untracked 
| 448|0x000000009c000000, 0x000000009c000000, 0x000000009c100000|  0%| F|  |TAMS 0x000000009c000000, 0x000000009c000000| Untracked 
| 449|0x000000009c100000, 0x000000009c100000, 0x000000009c200000|  0%| F|  |TAMS 0x000000009c100000, 0x000000009c100000| Untracked 
| 450|0x000000009c200000, 0x000000009c200000, 0x000000009c300000|  0%| F|  |TAMS 0x000000009c200000, 0x000000009c200000| Untracked 
| 451|0x000000009c300000, 0x000000009c300000, 0x000000009c400000|  0%| F|  |TAMS 0x000000009c300000, 0x000000009c300000| Untracked 
| 452|0x000000009c400000, 0x000000009c400000, 0x000000009c500000|  0%| F|  |TAMS 0x000000009c400000, 0x000000009c400000| Untracked 
| 453|0x000000009c500000, 0x000000009c500000, 0x000000009c600000|  0%| F|  |TAMS 0x000000009c500000, 0x000000009c500000| Untracked 
| 454|0x000000009c600000, 0x000000009c600000, 0x000000009c700000|  0%| F|  |TAMS 0x000000009c600000, 0x000000009c600000| Untracked 
| 455|0x000000009c700000, 0x000000009c700000, 0x000000009c800000|  0%| F|  |TAMS 0x000000009c700000, 0x000000009c700000| Untracked 
| 456|0x000000009c800000, 0x000000009c800000, 0x000000009c900000|  0%| F|  |TAMS 0x000000009c800000, 0x000000009c800000| Untracked 
| 457|0x000000009c900000, 0x000000009c900000, 0x000000009ca00000|  0%| F|  |TAMS 0x000000009c900000, 0x000000009c900000| Untracked 
| 458|0x000000009ca00000, 0x000000009ca00000, 0x000000009cb00000|  0%| F|  |TAMS 0x000000009ca00000, 0x000000009ca00000| Untracked 
| 459|0x000000009cb00000, 0x000000009cb00000, 0x000000009cc00000|  0%| F|  |TAMS 0x000000009cb00000, 0x000000009cb00000| Untracked 
| 460|0x000000009cc00000, 0x000000009cc00000, 0x000000009cd00000|  0%| F|  |TAMS 0x000000009cc00000, 0x000000009cc00000| Untracked 
| 461|0x000000009cd00000, 0x000000009cd00000, 0x000000009ce00000|  0%| F|  |TAMS 0x000000009cd00000, 0x000000009cd00000| Untracked 
| 462|0x000000009ce00000, 0x000000009ce00000, 0x000000009cf00000|  0%| F|  |TAMS 0x000000009ce00000, 0x000000009ce00000| Untracked 
| 463|0x000000009cf00000, 0x000000009cf00000, 0x000000009d000000|  0%| F|  |TAMS 0x000000009cf00000, 0x000000009cf00000| Untracked 
| 464|0x000000009d000000, 0x000000009d000000, 0x000000009d100000|  0%| F|  |TAMS 0x000000009d000000, 0x000000009d000000| Untracked 
| 465|0x000000009d100000, 0x000000009d100000, 0x000000009d200000|  0%| F|  |TAMS 0x000000009d100000, 0x000000009d100000| Untracked 
| 466|0x000000009d200000, 0x000000009d200000, 0x000000009d300000|  0%| F|  |TAMS 0x000000009d200000, 0x000000009d200000| Untracked 
| 467|0x000000009d300000, 0x000000009d300000, 0x000000009d400000|  0%| F|  |TAMS 0x000000009d300000, 0x000000009d300000| Untracked 
| 468|0x000000009d400000, 0x000000009d400000, 0x000000009d500000|  0%| F|  |TAMS 0x000000009d400000, 0x000000009d400000| Untracked 
| 469|0x000000009d500000, 0x000000009d500000, 0x000000009d600000|  0%| F|  |TAMS 0x000000009d500000, 0x000000009d500000| Untracked 
| 470|0x000000009d600000, 0x000000009d600000, 0x000000009d700000|  0%| F|  |TAMS 0x000000009d600000, 0x000000009d600000| Untracked 
| 471|0x000000009d700000, 0x000000009d700000, 0x000000009d800000|  0%| F|  |TAMS 0x000000009d700000, 0x000000009d700000| Untracked 
| 472|0x000000009d800000, 0x000000009d800000, 0x000000009d900000|  0%| F|  |TAMS 0x000000009d800000, 0x000000009d800000| Untracked 
| 473|0x000000009d900000, 0x000000009d900000, 0x000000009da00000|  0%| F|  |TAMS 0x000000009d900000, 0x000000009d900000| Untracked 
| 474|0x000000009da00000, 0x000000009da00000, 0x000000009db00000|  0%| F|  |TAMS 0x000000009da00000, 0x000000009da00000| Untracked 
| 475|0x000000009db00000, 0x000000009db00000, 0x000000009dc00000|  0%| F|  |TAMS 0x000000009db00000, 0x000000009db00000| Untracked 
| 476|0x000000009dc00000, 0x000000009dc00000, 0x000000009dd00000|  0%| F|  |TAMS 0x000000009dc00000, 0x000000009dc00000| Untracked 
| 477|0x000000009dd00000, 0x000000009dd00000, 0x000000009de00000|  0%| F|  |TAMS 0x000000009dd00000, 0x000000009dd00000| Untracked 
| 478|0x000000009de00000, 0x000000009de00000, 0x000000009df00000|  0%| F|  |TAMS 0x000000009de00000, 0x000000009de00000| Untracked 
| 479|0x000000009df00000, 0x000000009df00000, 0x000000009e000000|  0%| F|  |TAMS 0x000000009df00000, 0x000000009df00000| Untracked 
| 480|0x000000009e000000, 0x000000009e000000, 0x000000009e100000|  0%| F|  |TAMS 0x000000009e000000, 0x000000009e000000| Untracked 
| 481|0x000000009e100000, 0x000000009e100000, 0x000000009e200000|  0%| F|  |TAMS 0x000000009e100000, 0x000000009e100000| Untracked 
| 482|0x000000009e200000, 0x000000009e200000, 0x000000009e300000|  0%| F|  |TAMS 0x000000009e200000, 0x000000009e200000| Untracked 
| 483|0x000000009e300000, 0x000000009e300000, 0x000000009e400000|  0%| F|  |TAMS 0x000000009e300000, 0x000000009e300000| Untracked 
| 484|0x000000009e400000, 0x000000009e400000, 0x000000009e500000|  0%| F|  |TAMS 0x000000009e400000, 0x000000009e400000| Untracked 
| 485|0x000000009e500000, 0x000000009e500000, 0x000000009e600000|  0%| F|  |TAMS 0x000000009e500000, 0x000000009e500000| Untracked 
| 486|0x000000009e600000, 0x000000009e600000, 0x000000009e700000|  0%| F|  |TAMS 0x000000009e600000, 0x000000009e600000| Untracked 
| 487|0x000000009e700000, 0x000000009e700000, 0x000000009e800000|  0%| F|  |TAMS 0x000000009e700000, 0x000000009e700000| Untracked 
| 488|0x000000009e800000, 0x000000009e800000, 0x000000009e900000|  0%| F|  |TAMS 0x000000009e800000, 0x000000009e800000| Untracked 
| 489|0x000000009e900000, 0x000000009e900000, 0x000000009ea00000|  0%| F|  |TAMS 0x000000009e900000, 0x000000009e900000| Untracked 
| 490|0x000000009ea00000, 0x000000009ea00000, 0x000000009eb00000|  0%| F|  |TAMS 0x000000009ea00000, 0x000000009ea00000| Untracked 
| 491|0x000000009eb00000, 0x000000009eb00000, 0x000000009ec00000|  0%| F|  |TAMS 0x000000009eb00000, 0x000000009eb00000| Untracked 
| 492|0x000000009ec00000, 0x000000009ec00000, 0x000000009ed00000|  0%| F|  |TAMS 0x000000009ec00000, 0x000000009ec00000| Untracked 
| 493|0x000000009ed00000, 0x000000009ed00000, 0x000000009ee00000|  0%| F|  |TAMS 0x000000009ed00000, 0x000000009ed00000| Untracked 
| 494|0x000000009ee00000, 0x000000009ee00000, 0x000000009ef00000|  0%| F|  |TAMS 0x000000009ee00000, 0x000000009ee00000| Untracked 
| 495|0x000000009ef00000, 0x000000009ef00000, 0x000000009f000000|  0%| F|  |TAMS 0x000000009ef00000, 0x000000009ef00000| Untracked 
| 496|0x000000009f000000, 0x000000009f000000, 0x000000009f100000|  0%| F|  |TAMS 0x000000009f000000, 0x000000009f000000| Untracked 
| 497|0x000000009f100000, 0x000000009f100000, 0x000000009f200000|  0%| F|  |TAMS 0x000000009f100000, 0x000000009f100000| Untracked 
| 498|0x000000009f200000, 0x000000009f200000, 0x000000009f300000|  0%| F|  |TAMS 0x000000009f200000, 0x000000009f200000| Untracked 
| 499|0x000000009f300000, 0x000000009f300000, 0x000000009f400000|  0%| F|  |TAMS 0x000000009f300000, 0x000000009f300000| Untracked 
| 500|0x000000009f400000, 0x000000009f400000, 0x000000009f500000|  0%| F|  |TAMS 0x000000009f400000, 0x000000009f400000| Untracked 
| 501|0x000000009f500000, 0x000000009f500000, 0x000000009f600000|  0%| F|  |TAMS 0x000000009f500000, 0x000000009f500000| Untracked 
| 502|0x000000009f600000, 0x000000009f600000, 0x000000009f700000|  0%| F|  |TAMS 0x000000009f600000, 0x000000009f600000| Untracked 
| 503|0x000000009f700000, 0x000000009f700000, 0x000000009f800000|  0%| F|  |TAMS 0x000000009f700000, 0x000000009f700000| Untracked 
| 504|0x000000009f800000, 0x000000009f800000, 0x000000009f900000|  0%| F|  |TAMS 0x000000009f800000, 0x000000009f800000| Untracked 
| 505|0x000000009f900000, 0x000000009f900000, 0x000000009fa00000|  0%| F|  |TAMS 0x000000009f900000, 0x000000009f900000| Untracked 
| 506|0x000000009fa00000, 0x000000009fa00000, 0x000000009fb00000|  0%| F|  |TAMS 0x000000009fa00000, 0x000000009fa00000| Untracked 
| 507|0x000000009fb00000, 0x000000009fb00000, 0x000000009fc00000|  0%| F|  |TAMS 0x000000009fb00000, 0x000000009fb00000| Untracked 
| 508|0x000000009fc00000, 0x000000009fc00000, 0x000000009fd00000|  0%| F|  |TAMS 0x000000009fc00000, 0x000000009fc00000| Untracked 
| 509|0x000000009fd00000, 0x000000009fd00000, 0x000000009fe00000|  0%| F|  |TAMS 0x000000009fd00000, 0x000000009fd00000| Untracked 
| 510|0x000000009fe00000, 0x000000009fe00000, 0x000000009ff00000|  0%| F|  |TAMS 0x000000009fe00000, 0x000000009fe00000| Untracked 
| 511|0x000000009ff00000, 0x000000009ff00000, 0x00000000a0000000|  0%| F|  |TAMS 0x000000009ff00000, 0x000000009ff00000| Untracked 
| 512|0x00000000a0000000, 0x00000000a0000000, 0x00000000a0100000|  0%| F|  |TAMS 0x00000000a0000000, 0x00000000a0000000| Untracked 
| 513|0x00000000a0100000, 0x00000000a0100000, 0x00000000a0200000|  0%| F|  |TAMS 0x00000000a0100000, 0x00000000a0100000| Untracked 
| 514|0x00000000a0200000, 0x00000000a0200000, 0x00000000a0300000|  0%| F|  |TAMS 0x00000000a0200000, 0x00000000a0200000| Untracked 
| 515|0x00000000a0300000, 0x00000000a0300000, 0x00000000a0400000|  0%| F|  |TAMS 0x00000000a0300000, 0x00000000a0300000| Untracked 
| 516|0x00000000a0400000, 0x00000000a0400000, 0x00000000a0500000|  0%| F|  |TAMS 0x00000000a0400000, 0x00000000a0400000| Untracked 
| 517|0x00000000a0500000, 0x00000000a0500000, 0x00000000a0600000|  0%| F|  |TAMS 0x00000000a0500000, 0x00000000a0500000| Untracked 
| 518|0x00000000a0600000, 0x00000000a0600000, 0x00000000a0700000|  0%| F|  |TAMS 0x00000000a0600000, 0x00000000a0600000| Untracked 
| 519|0x00000000a0700000, 0x00000000a0700000, 0x00000000a0800000|  0%| F|  |TAMS 0x00000000a0700000, 0x00000000a0700000| Untracked 
| 520|0x00000000a0800000, 0x00000000a0800000, 0x00000000a0900000|  0%| F|  |TAMS 0x00000000a0800000, 0x00000000a0800000| Untracked 
| 521|0x00000000a0900000, 0x00000000a0900000, 0x00000000a0a00000|  0%| F|  |TAMS 0x00000000a0900000, 0x00000000a0900000| Untracked 
| 522|0x00000000a0a00000, 0x00000000a0a00000, 0x00000000a0b00000|  0%| F|  |TAMS 0x00000000a0a00000, 0x00000000a0a00000| Untracked 
| 523|0x00000000a0b00000, 0x00000000a0b00000, 0x00000000a0c00000|  0%| F|  |TAMS 0x00000000a0b00000, 0x00000000a0b00000| Untracked 
| 524|0x00000000a0c00000, 0x00000000a0c00000, 0x00000000a0d00000|  0%| F|  |TAMS 0x00000000a0c00000, 0x00000000a0c00000| Untracked 
| 525|0x00000000a0d00000, 0x00000000a0d00000, 0x00000000a0e00000|  0%| F|  |TAMS 0x00000000a0d00000, 0x00000000a0d00000| Untracked 
| 526|0x00000000a0e00000, 0x00000000a0e00000, 0x00000000a0f00000|  0%| F|  |TAMS 0x00000000a0e00000, 0x00000000a0e00000| Untracked 
| 527|0x00000000a0f00000, 0x00000000a0f00000, 0x00000000a1000000|  0%| F|  |TAMS 0x00000000a0f00000, 0x00000000a0f00000| Untracked 
| 528|0x00000000a1000000, 0x00000000a1000000, 0x00000000a1100000|  0%| F|  |TAMS 0x00000000a1000000, 0x00000000a1000000| Untracked 
| 529|0x00000000a1100000, 0x00000000a1100000, 0x00000000a1200000|  0%| F|  |TAMS 0x00000000a1100000, 0x00000000a1100000| Untracked 
| 530|0x00000000a1200000, 0x00000000a1200000, 0x00000000a1300000|  0%| F|  |TAMS 0x00000000a1200000, 0x00000000a1200000| Untracked 
| 531|0x00000000a1300000, 0x00000000a1300000, 0x00000000a1400000|  0%| F|  |TAMS 0x00000000a1300000, 0x00000000a1300000| Untracked 
| 532|0x00000000a1400000, 0x00000000a1400000, 0x00000000a1500000|  0%| F|  |TAMS 0x00000000a1400000, 0x00000000a1400000| Untracked 
| 533|0x00000000a1500000, 0x00000000a1500000, 0x00000000a1600000|  0%| F|  |TAMS 0x00000000a1500000, 0x00000000a1500000| Untracked 
| 534|0x00000000a1600000, 0x00000000a1600000, 0x00000000a1700000|  0%| F|  |TAMS 0x00000000a1600000, 0x00000000a1600000| Untracked 
| 535|0x00000000a1700000, 0x00000000a1700000, 0x00000000a1800000|  0%| F|  |TAMS 0x00000000a1700000, 0x00000000a1700000| Untracked 
| 536|0x00000000a1800000, 0x00000000a1800000, 0x00000000a1900000|  0%| F|  |TAMS 0x00000000a1800000, 0x00000000a1800000| Untracked 
| 537|0x00000000a1900000, 0x00000000a1900000, 0x00000000a1a00000|  0%| F|  |TAMS 0x00000000a1900000, 0x00000000a1900000| Untracked 
| 538|0x00000000a1a00000, 0x00000000a1a00000, 0x00000000a1b00000|  0%| F|  |TAMS 0x00000000a1a00000, 0x00000000a1a00000| Untracked 
| 539|0x00000000a1b00000, 0x00000000a1b00000, 0x00000000a1c00000|  0%| F|  |TAMS 0x00000000a1b00000, 0x00000000a1b00000| Untracked 
| 540|0x00000000a1c00000, 0x00000000a1c00000, 0x00000000a1d00000|  0%| F|  |TAMS 0x00000000a1c00000, 0x00000000a1c00000| Untracked 
| 541|0x00000000a1d00000, 0x00000000a1d00000, 0x00000000a1e00000|  0%| F|  |TAMS 0x00000000a1d00000, 0x00000000a1d00000| Untracked 
| 542|0x00000000a1e00000, 0x00000000a1e00000, 0x00000000a1f00000|  0%| F|  |TAMS 0x00000000a1e00000, 0x00000000a1e00000| Untracked 
| 543|0x00000000a1f00000, 0x00000000a1f00000, 0x00000000a2000000|  0%| F|  |TAMS 0x00000000a1f00000, 0x00000000a1f00000| Untracked 
| 544|0x00000000a2000000, 0x00000000a2000000, 0x00000000a2100000|  0%| F|  |TAMS 0x00000000a2000000, 0x00000000a2000000| Untracked 
| 545|0x00000000a2100000, 0x00000000a2100000, 0x00000000a2200000|  0%| F|  |TAMS 0x00000000a2100000, 0x00000000a2100000| Untracked 
| 546|0x00000000a2200000, 0x00000000a2200000, 0x00000000a2300000|  0%| F|  |TAMS 0x00000000a2200000, 0x00000000a2200000| Untracked 
| 547|0x00000000a2300000, 0x00000000a2300000, 0x00000000a2400000|  0%| F|  |TAMS 0x00000000a2300000, 0x00000000a2300000| Untracked 
| 548|0x00000000a2400000, 0x00000000a2400000, 0x00000000a2500000|  0%| F|  |TAMS 0x00000000a2400000, 0x00000000a2400000| Untracked 
| 549|0x00000000a2500000, 0x00000000a2500000, 0x00000000a2600000|  0%| F|  |TAMS 0x00000000a2500000, 0x00000000a2500000| Untracked 
| 550|0x00000000a2600000, 0x00000000a2600000, 0x00000000a2700000|  0%| F|  |TAMS 0x00000000a2600000, 0x00000000a2600000| Untracked 
| 551|0x00000000a2700000, 0x00000000a2700000, 0x00000000a2800000|  0%| F|  |TAMS 0x00000000a2700000, 0x00000000a2700000| Untracked 
| 552|0x00000000a2800000, 0x00000000a2800000, 0x00000000a2900000|  0%| F|  |TAMS 0x00000000a2800000, 0x00000000a2800000| Untracked 
| 553|0x00000000a2900000, 0x00000000a2900000, 0x00000000a2a00000|  0%| F|  |TAMS 0x00000000a2900000, 0x00000000a2900000| Untracked 
| 554|0x00000000a2a00000, 0x00000000a2a00000, 0x00000000a2b00000|  0%| F|  |TAMS 0x00000000a2a00000, 0x00000000a2a00000| Untracked 
| 555|0x00000000a2b00000, 0x00000000a2b00000, 0x00000000a2c00000|  0%| F|  |TAMS 0x00000000a2b00000, 0x00000000a2b00000| Untracked 
| 556|0x00000000a2c00000, 0x00000000a2c00000, 0x00000000a2d00000|  0%| F|  |TAMS 0x00000000a2c00000, 0x00000000a2c00000| Untracked 
| 557|0x00000000a2d00000, 0x00000000a2d00000, 0x00000000a2e00000|  0%| F|  |TAMS 0x00000000a2d00000, 0x00000000a2d00000| Untracked 
| 558|0x00000000a2e00000, 0x00000000a2e00000, 0x00000000a2f00000|  0%| F|  |TAMS 0x00000000a2e00000, 0x00000000a2e00000| Untracked 
| 559|0x00000000a2f00000, 0x00000000a2f00000, 0x00000000a3000000|  0%| F|  |TAMS 0x00000000a2f00000, 0x00000000a2f00000| Untracked 
| 560|0x00000000a3000000, 0x00000000a3000000, 0x00000000a3100000|  0%| F|  |TAMS 0x00000000a3000000, 0x00000000a3000000| Untracked 
| 561|0x00000000a3100000, 0x00000000a3100000, 0x00000000a3200000|  0%| F|  |TAMS 0x00000000a3100000, 0x00000000a3100000| Untracked 
| 562|0x00000000a3200000, 0x00000000a3200000, 0x00000000a3300000|  0%| F|  |TAMS 0x00000000a3200000, 0x00000000a3200000| Untracked 
| 563|0x00000000a3300000, 0x00000000a3300000, 0x00000000a3400000|  0%| F|  |TAMS 0x00000000a3300000, 0x00000000a3300000| Untracked 
| 564|0x00000000a3400000, 0x00000000a3400000, 0x00000000a3500000|  0%| F|  |TAMS 0x00000000a3400000, 0x00000000a3400000| Untracked 
| 565|0x00000000a3500000, 0x00000000a3500000, 0x00000000a3600000|  0%| F|  |TAMS 0x00000000a3500000, 0x00000000a3500000| Untracked 
| 566|0x00000000a3600000, 0x00000000a3600000, 0x00000000a3700000|  0%| F|  |TAMS 0x00000000a3600000, 0x00000000a3600000| Untracked 
| 567|0x00000000a3700000, 0x00000000a3700000, 0x00000000a3800000|  0%| F|  |TAMS 0x00000000a3700000, 0x00000000a3700000| Untracked 
| 568|0x00000000a3800000, 0x00000000a3800000, 0x00000000a3900000|  0%| F|  |TAMS 0x00000000a3800000, 0x00000000a3800000| Untracked 
| 569|0x00000000a3900000, 0x00000000a3900000, 0x00000000a3a00000|  0%| F|  |TAMS 0x00000000a3900000, 0x00000000a3900000| Untracked 
| 570|0x00000000a3a00000, 0x00000000a3a00000, 0x00000000a3b00000|  0%| F|  |TAMS 0x00000000a3a00000, 0x00000000a3a00000| Untracked 
| 571|0x00000000a3b00000, 0x00000000a3b00000, 0x00000000a3c00000|  0%| F|  |TAMS 0x00000000a3b00000, 0x00000000a3b00000| Untracked 
| 572|0x00000000a3c00000, 0x00000000a3c00000, 0x00000000a3d00000|  0%| F|  |TAMS 0x00000000a3c00000, 0x00000000a3c00000| Untracked 
| 573|0x00000000a3d00000, 0x00000000a3d00000, 0x00000000a3e00000|  0%| F|  |TAMS 0x00000000a3d00000, 0x00000000a3d00000| Untracked 
| 574|0x00000000a3e00000, 0x00000000a3e00000, 0x00000000a3f00000|  0%| F|  |TAMS 0x00000000a3e00000, 0x00000000a3e00000| Untracked 
| 575|0x00000000a3f00000, 0x00000000a3f00000, 0x00000000a4000000|  0%| F|  |TAMS 0x00000000a3f00000, 0x00000000a3f00000| Untracked 
| 576|0x00000000a4000000, 0x00000000a4000000, 0x00000000a4100000|  0%| F|  |TAMS 0x00000000a4000000, 0x00000000a4000000| Untracked 
| 577|0x00000000a4100000, 0x00000000a4100000, 0x00000000a4200000|  0%| F|  |TAMS 0x00000000a4100000, 0x00000000a4100000| Untracked 
| 578|0x00000000a4200000, 0x00000000a4200000, 0x00000000a4300000|  0%| F|  |TAMS 0x00000000a4200000, 0x00000000a4200000| Untracked 
| 579|0x00000000a4300000, 0x00000000a4300000, 0x00000000a4400000|  0%| F|  |TAMS 0x00000000a4300000, 0x00000000a4300000| Untracked 
| 580|0x00000000a4400000, 0x00000000a4400000, 0x00000000a4500000|  0%| F|  |TAMS 0x00000000a4400000, 0x00000000a4400000| Untracked 
| 581|0x00000000a4500000, 0x00000000a4500000, 0x00000000a4600000|  0%| F|  |TAMS 0x00000000a4500000, 0x00000000a4500000| Untracked 
| 582|0x00000000a4600000, 0x00000000a4600000, 0x00000000a4700000|  0%| F|  |TAMS 0x00000000a4600000, 0x00000000a4600000| Untracked 
| 583|0x00000000a4700000, 0x00000000a4700000, 0x00000000a4800000|  0%| F|  |TAMS 0x00000000a4700000, 0x00000000a4700000| Untracked 
| 584|0x00000000a4800000, 0x00000000a4800000, 0x00000000a4900000|  0%| F|  |TAMS 0x00000000a4800000, 0x00000000a4800000| Untracked 
| 585|0x00000000a4900000, 0x00000000a4900000, 0x00000000a4a00000|  0%| F|  |TAMS 0x00000000a4900000, 0x00000000a4900000| Untracked 
| 586|0x00000000a4a00000, 0x00000000a4a00000, 0x00000000a4b00000|  0%| F|  |TAMS 0x00000000a4a00000, 0x00000000a4a00000| Untracked 
| 587|0x00000000a4b00000, 0x00000000a4b00000, 0x00000000a4c00000|  0%| F|  |TAMS 0x00000000a4b00000, 0x00000000a4b00000| Untracked 
| 588|0x00000000a4c00000, 0x00000000a4c00000, 0x00000000a4d00000|  0%| F|  |TAMS 0x00000000a4c00000, 0x00000000a4c00000| Untracked 
| 589|0x00000000a4d00000, 0x00000000a4d00000, 0x00000000a4e00000|  0%| F|  |TAMS 0x00000000a4d00000, 0x00000000a4d00000| Untracked 
| 590|0x00000000a4e00000, 0x00000000a4e00000, 0x00000000a4f00000|  0%| F|  |TAMS 0x00000000a4e00000, 0x00000000a4e00000| Untracked 
| 591|0x00000000a4f00000, 0x00000000a4f00000, 0x00000000a5000000|  0%| F|  |TAMS 0x00000000a4f00000, 0x00000000a4f00000| Untracked 
| 592|0x00000000a5000000, 0x00000000a5000000, 0x00000000a5100000|  0%| F|  |TAMS 0x00000000a5000000, 0x00000000a5000000| Untracked 
| 593|0x00000000a5100000, 0x00000000a5100000, 0x00000000a5200000|  0%| F|  |TAMS 0x00000000a5100000, 0x00000000a5100000| Untracked 
| 594|0x00000000a5200000, 0x00000000a5200000, 0x00000000a5300000|  0%| F|  |TAMS 0x00000000a5200000, 0x00000000a5200000| Untracked 
| 595|0x00000000a5300000, 0x00000000a5300000, 0x00000000a5400000|  0%| F|  |TAMS 0x00000000a5300000, 0x00000000a5300000| Untracked 
| 596|0x00000000a5400000, 0x00000000a5400000, 0x00000000a5500000|  0%| F|  |TAMS 0x00000000a5400000, 0x00000000a5400000| Untracked 
| 597|0x00000000a5500000, 0x00000000a5500000, 0x00000000a5600000|  0%| F|  |TAMS 0x00000000a5500000, 0x00000000a5500000| Untracked 
| 598|0x00000000a5600000, 0x00000000a5600000, 0x00000000a5700000|  0%| F|  |TAMS 0x00000000a5600000, 0x00000000a5600000| Untracked 
| 599|0x00000000a5700000, 0x00000000a5700000, 0x00000000a5800000|  0%| F|  |TAMS 0x00000000a5700000, 0x00000000a5700000| Untracked 
| 600|0x00000000a5800000, 0x00000000a5800000, 0x00000000a5900000|  0%| F|  |TAMS 0x00000000a5800000, 0x00000000a5800000| Untracked 
| 601|0x00000000a5900000, 0x00000000a5900000, 0x00000000a5a00000|  0%| F|  |TAMS 0x00000000a5900000, 0x00000000a5900000| Untracked 
| 602|0x00000000a5a00000, 0x00000000a5a00000, 0x00000000a5b00000|  0%| F|  |TAMS 0x00000000a5a00000, 0x00000000a5a00000| Untracked 
| 603|0x00000000a5b00000, 0x00000000a5b00000, 0x00000000a5c00000|  0%| F|  |TAMS 0x00000000a5b00000, 0x00000000a5b00000| Untracked 
| 604|0x00000000a5c00000, 0x00000000a5c00000, 0x00000000a5d00000|  0%| F|  |TAMS 0x00000000a5c00000, 0x00000000a5c00000| Untracked 
| 605|0x00000000a5d00000, 0x00000000a5d00000, 0x00000000a5e00000|  0%| F|  |TAMS 0x00000000a5d00000, 0x00000000a5d00000| Untracked 
| 606|0x00000000a5e00000, 0x00000000a5e00000, 0x00000000a5f00000|  0%| F|  |TAMS 0x00000000a5e00000, 0x00000000a5e00000| Untracked 
| 607|0x00000000a5f00000, 0x00000000a5f00000, 0x00000000a6000000|  0%| F|  |TAMS 0x00000000a5f00000, 0x00000000a5f00000| Untracked 
| 608|0x00000000a6000000, 0x00000000a6000000, 0x00000000a6100000|  0%| F|  |TAMS 0x00000000a6000000, 0x00000000a6000000| Untracked 
| 609|0x00000000a6100000, 0x00000000a6100000, 0x00000000a6200000|  0%| F|  |TAMS 0x00000000a6100000, 0x00000000a6100000| Untracked 
| 610|0x00000000a6200000, 0x00000000a6200000, 0x00000000a6300000|  0%| F|  |TAMS 0x00000000a6200000, 0x00000000a6200000| Untracked 
| 611|0x00000000a6300000, 0x00000000a6300000, 0x00000000a6400000|  0%| F|  |TAMS 0x00000000a6300000, 0x00000000a6300000| Untracked 
| 612|0x00000000a6400000, 0x00000000a6400000, 0x00000000a6500000|  0%| F|  |TAMS 0x00000000a6400000, 0x00000000a6400000| Untracked 
| 613|0x00000000a6500000, 0x00000000a6500000, 0x00000000a6600000|  0%| F|  |TAMS 0x00000000a6500000, 0x00000000a6500000| Untracked 
| 614|0x00000000a6600000, 0x00000000a6600000, 0x00000000a6700000|  0%| F|  |TAMS 0x00000000a6600000, 0x00000000a6600000| Untracked 
| 615|0x00000000a6700000, 0x00000000a6700000, 0x00000000a6800000|  0%| F|  |TAMS 0x00000000a6700000, 0x00000000a6700000| Untracked 
| 616|0x00000000a6800000, 0x00000000a6800000, 0x00000000a6900000|  0%| F|  |TAMS 0x00000000a6800000, 0x00000000a6800000| Untracked 
| 617|0x00000000a6900000, 0x00000000a6900000, 0x00000000a6a00000|  0%| F|  |TAMS 0x00000000a6900000, 0x00000000a6900000| Untracked 
| 618|0x00000000a6a00000, 0x00000000a6a00000, 0x00000000a6b00000|  0%| F|  |TAMS 0x00000000a6a00000, 0x00000000a6a00000| Untracked 
| 619|0x00000000a6b00000, 0x00000000a6b00000, 0x00000000a6c00000|  0%| F|  |TAMS 0x00000000a6b00000, 0x00000000a6b00000| Untracked 
| 620|0x00000000a6c00000, 0x00000000a6c00000, 0x00000000a6d00000|  0%| F|  |TAMS 0x00000000a6c00000, 0x00000000a6c00000| Untracked 
| 621|0x00000000a6d00000, 0x00000000a6d00000, 0x00000000a6e00000|  0%| F|  |TAMS 0x00000000a6d00000, 0x00000000a6d00000| Untracked 
| 622|0x00000000a6e00000, 0x00000000a6e00000, 0x00000000a6f00000|  0%| F|  |TAMS 0x00000000a6e00000, 0x00000000a6e00000| Untracked 
| 623|0x00000000a6f00000, 0x00000000a6f00000, 0x00000000a7000000|  0%| F|  |TAMS 0x00000000a6f00000, 0x00000000a6f00000| Untracked 
| 624|0x00000000a7000000, 0x00000000a7000000, 0x00000000a7100000|  0%| F|  |TAMS 0x00000000a7000000, 0x00000000a7000000| Untracked 
| 625|0x00000000a7100000, 0x00000000a7100000, 0x00000000a7200000|  0%| F|  |TAMS 0x00000000a7100000, 0x00000000a7100000| Untracked 
| 626|0x00000000a7200000, 0x00000000a7200000, 0x00000000a7300000|  0%| F|  |TAMS 0x00000000a7200000, 0x00000000a7200000| Untracked 
| 627|0x00000000a7300000, 0x00000000a7300000, 0x00000000a7400000|  0%| F|  |TAMS 0x00000000a7300000, 0x00000000a7300000| Untracked 
| 628|0x00000000a7400000, 0x00000000a7400000, 0x00000000a7500000|  0%| F|  |TAMS 0x00000000a7400000, 0x00000000a7400000| Untracked 
| 629|0x00000000a7500000, 0x00000000a7500000, 0x00000000a7600000|  0%| F|  |TAMS 0x00000000a7500000, 0x00000000a7500000| Untracked 
| 630|0x00000000a7600000, 0x00000000a7600000, 0x00000000a7700000|  0%| F|  |TAMS 0x00000000a7600000, 0x00000000a7600000| Untracked 
| 631|0x00000000a7700000, 0x00000000a7700000, 0x00000000a7800000|  0%| F|  |TAMS 0x00000000a7700000, 0x00000000a7700000| Untracked 
| 632|0x00000000a7800000, 0x00000000a7800000, 0x00000000a7900000|  0%| F|  |TAMS 0x00000000a7800000, 0x00000000a7800000| Untracked 
| 633|0x00000000a7900000, 0x00000000a7900000, 0x00000000a7a00000|  0%| F|  |TAMS 0x00000000a7900000, 0x00000000a7900000| Untracked 
| 634|0x00000000a7a00000, 0x00000000a7a00000, 0x00000000a7b00000|  0%| F|  |TAMS 0x00000000a7a00000, 0x00000000a7a00000| Untracked 
| 635|0x00000000a7b00000, 0x00000000a7b00000, 0x00000000a7c00000|  0%| F|  |TAMS 0x00000000a7b00000, 0x00000000a7b00000| Untracked 
| 636|0x00000000a7c00000, 0x00000000a7c00000, 0x00000000a7d00000|  0%| F|  |TAMS 0x00000000a7c00000, 0x00000000a7c00000| Untracked 
| 637|0x00000000a7d00000, 0x00000000a7d00000, 0x00000000a7e00000|  0%| F|  |TAMS 0x00000000a7d00000, 0x00000000a7d00000| Untracked 
| 638|0x00000000a7e00000, 0x00000000a7e00000, 0x00000000a7f00000|  0%| F|  |TAMS 0x00000000a7e00000, 0x00000000a7e00000| Untracked 
| 639|0x00000000a7f00000, 0x00000000a7f00000, 0x00000000a8000000|  0%| F|  |TAMS 0x00000000a7f00000, 0x00000000a7f00000| Untracked 
| 640|0x00000000a8000000, 0x00000000a8000000, 0x00000000a8100000|  0%| F|  |TAMS 0x00000000a8000000, 0x00000000a8000000| Untracked 
| 641|0x00000000a8100000, 0x00000000a8100000, 0x00000000a8200000|  0%| F|  |TAMS 0x00000000a8100000, 0x00000000a8100000| Untracked 
| 642|0x00000000a8200000, 0x00000000a8200000, 0x00000000a8300000|  0%| F|  |TAMS 0x00000000a8200000, 0x00000000a8200000| Untracked 
| 643|0x00000000a8300000, 0x00000000a8300000, 0x00000000a8400000|  0%| F|  |TAMS 0x00000000a8300000, 0x00000000a8300000| Untracked 
| 644|0x00000000a8400000, 0x00000000a8400000, 0x00000000a8500000|  0%| F|  |TAMS 0x00000000a8400000, 0x00000000a8400000| Untracked 
| 645|0x00000000a8500000, 0x00000000a8500000, 0x00000000a8600000|  0%| F|  |TAMS 0x00000000a8500000, 0x00000000a8500000| Untracked 
| 646|0x00000000a8600000, 0x00000000a8600000, 0x00000000a8700000|  0%| F|  |TAMS 0x00000000a8600000, 0x00000000a8600000| Untracked 
| 647|0x00000000a8700000, 0x00000000a8700000, 0x00000000a8800000|  0%| F|  |TAMS 0x00000000a8700000, 0x00000000a8700000| Untracked 
| 648|0x00000000a8800000, 0x00000000a8800000, 0x00000000a8900000|  0%| F|  |TAMS 0x00000000a8800000, 0x00000000a8800000| Untracked 
| 649|0x00000000a8900000, 0x00000000a8900000, 0x00000000a8a00000|  0%| F|  |TAMS 0x00000000a8900000, 0x00000000a8900000| Untracked 
| 650|0x00000000a8a00000, 0x00000000a8a00000, 0x00000000a8b00000|  0%| F|  |TAMS 0x00000000a8a00000, 0x00000000a8a00000| Untracked 
| 651|0x00000000a8b00000, 0x00000000a8b00000, 0x00000000a8c00000|  0%| F|  |TAMS 0x00000000a8b00000, 0x00000000a8b00000| Untracked 
| 652|0x00000000a8c00000, 0x00000000a8c00000, 0x00000000a8d00000|  0%| F|  |TAMS 0x00000000a8c00000, 0x00000000a8c00000| Untracked 
| 653|0x00000000a8d00000, 0x00000000a8d00000, 0x00000000a8e00000|  0%| F|  |TAMS 0x00000000a8d00000, 0x00000000a8d00000| Untracked 
| 654|0x00000000a8e00000, 0x00000000a8e00000, 0x00000000a8f00000|  0%| F|  |TAMS 0x00000000a8e00000, 0x00000000a8e00000| Untracked 
| 655|0x00000000a8f00000, 0x00000000a8f00000, 0x00000000a9000000|  0%| F|  |TAMS 0x00000000a8f00000, 0x00000000a8f00000| Untracked 
| 656|0x00000000a9000000, 0x00000000a9000000, 0x00000000a9100000|  0%| F|  |TAMS 0x00000000a9000000, 0x00000000a9000000| Untracked 
| 657|0x00000000a9100000, 0x00000000a9100000, 0x00000000a9200000|  0%| F|  |TAMS 0x00000000a9100000, 0x00000000a9100000| Untracked 
| 658|0x00000000a9200000, 0x00000000a9200000, 0x00000000a9300000|  0%| F|  |TAMS 0x00000000a9200000, 0x00000000a9200000| Untracked 
| 659|0x00000000a9300000, 0x00000000a9300000, 0x00000000a9400000|  0%| F|  |TAMS 0x00000000a9300000, 0x00000000a9300000| Untracked 
| 660|0x00000000a9400000, 0x00000000a9400000, 0x00000000a9500000|  0%| F|  |TAMS 0x00000000a9400000, 0x00000000a9400000| Untracked 
| 661|0x00000000a9500000, 0x00000000a9500000, 0x00000000a9600000|  0%| F|  |TAMS 0x00000000a9500000, 0x00000000a9500000| Untracked 
| 662|0x00000000a9600000, 0x00000000a9600000, 0x00000000a9700000|  0%| F|  |TAMS 0x00000000a9600000, 0x00000000a9600000| Untracked 
| 663|0x00000000a9700000, 0x00000000a9700000, 0x00000000a9800000|  0%| F|  |TAMS 0x00000000a9700000, 0x00000000a9700000| Untracked 
| 664|0x00000000a9800000, 0x00000000a9800000, 0x00000000a9900000|  0%| F|  |TAMS 0x00000000a9800000, 0x00000000a9800000| Untracked 
| 665|0x00000000a9900000, 0x00000000a9900000, 0x00000000a9a00000|  0%| F|  |TAMS 0x00000000a9900000, 0x00000000a9900000| Untracked 
| 666|0x00000000a9a00000, 0x00000000a9a00000, 0x00000000a9b00000|  0%| F|  |TAMS 0x00000000a9a00000, 0x00000000a9a00000| Untracked 
| 667|0x00000000a9b00000, 0x00000000a9b00000, 0x00000000a9c00000|  0%| F|  |TAMS 0x00000000a9b00000, 0x00000000a9b00000| Untracked 
| 668|0x00000000a9c00000, 0x00000000a9c00000, 0x00000000a9d00000|  0%| F|  |TAMS 0x00000000a9c00000, 0x00000000a9c00000| Untracked 
| 669|0x00000000a9d00000, 0x00000000a9d00000, 0x00000000a9e00000|  0%| F|  |TAMS 0x00000000a9d00000, 0x00000000a9d00000| Untracked 
| 670|0x00000000a9e00000, 0x00000000a9e00000, 0x00000000a9f00000|  0%| F|  |TAMS 0x00000000a9e00000, 0x00000000a9e00000| Untracked 
| 671|0x00000000a9f00000, 0x00000000a9f00000, 0x00000000aa000000|  0%| F|  |TAMS 0x00000000a9f00000, 0x00000000a9f00000| Untracked 
| 672|0x00000000aa000000, 0x00000000aa000000, 0x00000000aa100000|  0%| F|  |TAMS 0x00000000aa000000, 0x00000000aa000000| Untracked 
| 673|0x00000000aa100000, 0x00000000aa100000, 0x00000000aa200000|  0%| F|  |TAMS 0x00000000aa100000, 0x00000000aa100000| Untracked 
| 674|0x00000000aa200000, 0x00000000aa200000, 0x00000000aa300000|  0%| F|  |TAMS 0x00000000aa200000, 0x00000000aa200000| Untracked 
| 675|0x00000000aa300000, 0x00000000aa300000, 0x00000000aa400000|  0%| F|  |TAMS 0x00000000aa300000, 0x00000000aa300000| Untracked 
| 676|0x00000000aa400000, 0x00000000aa400000, 0x00000000aa500000|  0%| F|  |TAMS 0x00000000aa400000, 0x00000000aa400000| Untracked 
| 677|0x00000000aa500000, 0x00000000aa500000, 0x00000000aa600000|  0%| F|  |TAMS 0x00000000aa500000, 0x00000000aa500000| Untracked 
| 678|0x00000000aa600000, 0x00000000aa600000, 0x00000000aa700000|  0%| F|  |TAMS 0x00000000aa600000, 0x00000000aa600000| Untracked 
| 679|0x00000000aa700000, 0x00000000aa700000, 0x00000000aa800000|  0%| F|  |TAMS 0x00000000aa700000, 0x00000000aa700000| Untracked 
| 680|0x00000000aa800000, 0x00000000aa800000, 0x00000000aa900000|  0%| F|  |TAMS 0x00000000aa800000, 0x00000000aa800000| Untracked 
| 681|0x00000000aa900000, 0x00000000aa900000, 0x00000000aaa00000|  0%| F|  |TAMS 0x00000000aa900000, 0x00000000aa900000| Untracked 
| 682|0x00000000aaa00000, 0x00000000aaa00000, 0x00000000aab00000|  0%| F|  |TAMS 0x00000000aaa00000, 0x00000000aaa00000| Untracked 
| 683|0x00000000aab00000, 0x00000000aab00000, 0x00000000aac00000|  0%| F|  |TAMS 0x00000000aab00000, 0x00000000aab00000| Untracked 
| 684|0x00000000aac00000, 0x00000000aac00000, 0x00000000aad00000|  0%| F|  |TAMS 0x00000000aac00000, 0x00000000aac00000| Untracked 
| 685|0x00000000aad00000, 0x00000000aad00000, 0x00000000aae00000|  0%| F|  |TAMS 0x00000000aad00000, 0x00000000aad00000| Untracked 
| 686|0x00000000aae00000, 0x00000000aae00000, 0x00000000aaf00000|  0%| F|  |TAMS 0x00000000aae00000, 0x00000000aae00000| Untracked 
| 687|0x00000000aaf00000, 0x00000000aaf00000, 0x00000000ab000000|  0%| F|  |TAMS 0x00000000aaf00000, 0x00000000aaf00000| Untracked 
| 688|0x00000000ab000000, 0x00000000ab000000, 0x00000000ab100000|  0%| F|  |TAMS 0x00000000ab000000, 0x00000000ab000000| Untracked 
| 689|0x00000000ab100000, 0x00000000ab100000, 0x00000000ab200000|  0%| F|  |TAMS 0x00000000ab100000, 0x00000000ab100000| Untracked 
| 690|0x00000000ab200000, 0x00000000ab200000, 0x00000000ab300000|  0%| F|  |TAMS 0x00000000ab200000, 0x00000000ab200000| Untracked 
| 691|0x00000000ab300000, 0x00000000ab300000, 0x00000000ab400000|  0%| F|  |TAMS 0x00000000ab300000, 0x00000000ab300000| Untracked 
| 692|0x00000000ab400000, 0x00000000ab400000, 0x00000000ab500000|  0%| F|  |TAMS 0x00000000ab400000, 0x00000000ab400000| Untracked 
| 693|0x00000000ab500000, 0x00000000ab500000, 0x00000000ab600000|  0%| F|  |TAMS 0x00000000ab500000, 0x00000000ab500000| Untracked 
| 694|0x00000000ab600000, 0x00000000ab600000, 0x00000000ab700000|  0%| F|  |TAMS 0x00000000ab600000, 0x00000000ab600000| Untracked 
| 695|0x00000000ab700000, 0x00000000ab700000, 0x00000000ab800000|  0%| F|  |TAMS 0x00000000ab700000, 0x00000000ab700000| Untracked 
| 696|0x00000000ab800000, 0x00000000ab800000, 0x00000000ab900000|  0%| F|  |TAMS 0x00000000ab800000, 0x00000000ab800000| Untracked 
| 697|0x00000000ab900000, 0x00000000ab900000, 0x00000000aba00000|  0%| F|  |TAMS 0x00000000ab900000, 0x00000000ab900000| Untracked 
| 698|0x00000000aba00000, 0x00000000aba00000, 0x00000000abb00000|  0%| F|  |TAMS 0x00000000aba00000, 0x00000000aba00000| Untracked 
| 699|0x00000000abb00000, 0x00000000abb00000, 0x00000000abc00000|  0%| F|  |TAMS 0x00000000abb00000, 0x00000000abb00000| Untracked 
| 700|0x00000000abc00000, 0x00000000abc00000, 0x00000000abd00000|  0%| F|  |TAMS 0x00000000abc00000, 0x00000000abc00000| Untracked 
| 701|0x00000000abd00000, 0x00000000abd00000, 0x00000000abe00000|  0%| F|  |TAMS 0x00000000abd00000, 0x00000000abd00000| Untracked 
| 702|0x00000000abe00000, 0x00000000abe00000, 0x00000000abf00000|  0%| F|  |TAMS 0x00000000abe00000, 0x00000000abe00000| Untracked 
| 703|0x00000000abf00000, 0x00000000abf00000, 0x00000000ac000000|  0%| F|  |TAMS 0x00000000abf00000, 0x00000000abf00000| Untracked 
| 704|0x00000000ac000000, 0x00000000ac000000, 0x00000000ac100000|  0%| F|  |TAMS 0x00000000ac000000, 0x00000000ac000000| Untracked 
| 705|0x00000000ac100000, 0x00000000ac100000, 0x00000000ac200000|  0%| F|  |TAMS 0x00000000ac100000, 0x00000000ac100000| Untracked 
| 706|0x00000000ac200000, 0x00000000ac200000, 0x00000000ac300000|  0%| F|  |TAMS 0x00000000ac200000, 0x00000000ac200000| Untracked 
| 707|0x00000000ac300000, 0x00000000ac300000, 0x00000000ac400000|  0%| F|  |TAMS 0x00000000ac300000, 0x00000000ac300000| Untracked 
| 708|0x00000000ac400000, 0x00000000ac400000, 0x00000000ac500000|  0%| F|  |TAMS 0x00000000ac400000, 0x00000000ac400000| Untracked 
| 709|0x00000000ac500000, 0x00000000ac500000, 0x00000000ac600000|  0%| F|  |TAMS 0x00000000ac500000, 0x00000000ac500000| Untracked 
| 710|0x00000000ac600000, 0x00000000ac600000, 0x00000000ac700000|  0%| F|  |TAMS 0x00000000ac600000, 0x00000000ac600000| Untracked 
| 711|0x00000000ac700000, 0x00000000ac700000, 0x00000000ac800000|  0%| F|  |TAMS 0x00000000ac700000, 0x00000000ac700000| Untracked 
| 712|0x00000000ac800000, 0x00000000ac800000, 0x00000000ac900000|  0%| F|  |TAMS 0x00000000ac800000, 0x00000000ac800000| Untracked 
| 713|0x00000000ac900000, 0x00000000ac900000, 0x00000000aca00000|  0%| F|  |TAMS 0x00000000ac900000, 0x00000000ac900000| Untracked 
| 714|0x00000000aca00000, 0x00000000aca00000, 0x00000000acb00000|  0%| F|  |TAMS 0x00000000aca00000, 0x00000000aca00000| Untracked 
| 715|0x00000000acb00000, 0x00000000acb00000, 0x00000000acc00000|  0%| F|  |TAMS 0x00000000acb00000, 0x00000000acb00000| Untracked 
| 716|0x00000000acc00000, 0x00000000acc00000, 0x00000000acd00000|  0%| F|  |TAMS 0x00000000acc00000, 0x00000000acc00000| Untracked 
| 717|0x00000000acd00000, 0x00000000acd00000, 0x00000000ace00000|  0%| F|  |TAMS 0x00000000acd00000, 0x00000000acd00000| Untracked 
| 718|0x00000000ace00000, 0x00000000ace00000, 0x00000000acf00000|  0%| F|  |TAMS 0x00000000ace00000, 0x00000000ace00000| Untracked 
| 719|0x00000000acf00000, 0x00000000acf00000, 0x00000000ad000000|  0%| F|  |TAMS 0x00000000acf00000, 0x00000000acf00000| Untracked 
| 720|0x00000000ad000000, 0x00000000ad000000, 0x00000000ad100000|  0%| F|  |TAMS 0x00000000ad000000, 0x00000000ad000000| Untracked 
| 721|0x00000000ad100000, 0x00000000ad100000, 0x00000000ad200000|  0%| F|  |TAMS 0x00000000ad100000, 0x00000000ad100000| Untracked 
| 722|0x00000000ad200000, 0x00000000ad200000, 0x00000000ad300000|  0%| F|  |TAMS 0x00000000ad200000, 0x00000000ad200000| Untracked 
| 723|0x00000000ad300000, 0x00000000ad300000, 0x00000000ad400000|  0%| F|  |TAMS 0x00000000ad300000, 0x00000000ad300000| Untracked 
| 724|0x00000000ad400000, 0x00000000ad400000, 0x00000000ad500000|  0%| F|  |TAMS 0x00000000ad400000, 0x00000000ad400000| Untracked 
| 725|0x00000000ad500000, 0x00000000ad500000, 0x00000000ad600000|  0%| F|  |TAMS 0x00000000ad500000, 0x00000000ad500000| Untracked 
| 726|0x00000000ad600000, 0x00000000ad600000, 0x00000000ad700000|  0%| F|  |TAMS 0x00000000ad600000, 0x00000000ad600000| Untracked 
| 727|0x00000000ad700000, 0x00000000ad700000, 0x00000000ad800000|  0%| F|  |TAMS 0x00000000ad700000, 0x00000000ad700000| Untracked 
| 728|0x00000000ad800000, 0x00000000ad800000, 0x00000000ad900000|  0%| F|  |TAMS 0x00000000ad800000, 0x00000000ad800000| Untracked 
| 729|0x00000000ad900000, 0x00000000ad900000, 0x00000000ada00000|  0%| F|  |TAMS 0x00000000ad900000, 0x00000000ad900000| Untracked 
| 730|0x00000000ada00000, 0x00000000ada00000, 0x00000000adb00000|  0%| F|  |TAMS 0x00000000ada00000, 0x00000000ada00000| Untracked 
| 731|0x00000000adb00000, 0x00000000adb00000, 0x00000000adc00000|  0%| F|  |TAMS 0x00000000adb00000, 0x00000000adb00000| Untracked 
| 732|0x00000000adc00000, 0x00000000adc00000, 0x00000000add00000|  0%| F|  |TAMS 0x00000000adc00000, 0x00000000adc00000| Untracked 
| 733|0x00000000add00000, 0x00000000add00000, 0x00000000ade00000|  0%| F|  |TAMS 0x00000000add00000, 0x00000000add00000| Untracked 
| 734|0x00000000ade00000, 0x00000000ade00000, 0x00000000adf00000|  0%| F|  |TAMS 0x00000000ade00000, 0x00000000ade00000| Untracked 
| 735|0x00000000adf00000, 0x00000000adf00000, 0x00000000ae000000|  0%| F|  |TAMS 0x00000000adf00000, 0x00000000adf00000| Untracked 
| 736|0x00000000ae000000, 0x00000000ae000000, 0x00000000ae100000|  0%| F|  |TAMS 0x00000000ae000000, 0x00000000ae000000| Untracked 
| 737|0x00000000ae100000, 0x00000000ae100000, 0x00000000ae200000|  0%| F|  |TAMS 0x00000000ae100000, 0x00000000ae100000| Untracked 
| 738|0x00000000ae200000, 0x00000000ae200000, 0x00000000ae300000|  0%| F|  |TAMS 0x00000000ae200000, 0x00000000ae200000| Untracked 
| 739|0x00000000ae300000, 0x00000000ae300000, 0x00000000ae400000|  0%| F|  |TAMS 0x00000000ae300000, 0x00000000ae300000| Untracked 
| 740|0x00000000ae400000, 0x00000000ae400000, 0x00000000ae500000|  0%| F|  |TAMS 0x00000000ae400000, 0x00000000ae400000| Untracked 
| 741|0x00000000ae500000, 0x00000000ae500000, 0x00000000ae600000|  0%| F|  |TAMS 0x00000000ae500000, 0x00000000ae500000| Untracked 
| 742|0x00000000ae600000, 0x00000000ae600000, 0x00000000ae700000|  0%| F|  |TAMS 0x00000000ae600000, 0x00000000ae600000| Untracked 
| 743|0x00000000ae700000, 0x00000000ae700000, 0x00000000ae800000|  0%| F|  |TAMS 0x00000000ae700000, 0x00000000ae700000| Untracked 
| 744|0x00000000ae800000, 0x00000000ae800000, 0x00000000ae900000|  0%| F|  |TAMS 0x00000000ae800000, 0x00000000ae800000| Untracked 
| 745|0x00000000ae900000, 0x00000000ae900000, 0x00000000aea00000|  0%| F|  |TAMS 0x00000000ae900000, 0x00000000ae900000| Untracked 
| 746|0x00000000aea00000, 0x00000000aea00000, 0x00000000aeb00000|  0%| F|  |TAMS 0x00000000aea00000, 0x00000000aea00000| Untracked 
| 747|0x00000000aeb00000, 0x00000000aeb00000, 0x00000000aec00000|  0%| F|  |TAMS 0x00000000aeb00000, 0x00000000aeb00000| Untracked 
| 748|0x00000000aec00000, 0x00000000aec00000, 0x00000000aed00000|  0%| F|  |TAMS 0x00000000aec00000, 0x00000000aec00000| Untracked 
| 749|0x00000000aed00000, 0x00000000aed00000, 0x00000000aee00000|  0%| F|  |TAMS 0x00000000aed00000, 0x00000000aed00000| Untracked 
| 750|0x00000000aee00000, 0x00000000aee00000, 0x00000000aef00000|  0%| F|  |TAMS 0x00000000aee00000, 0x00000000aee00000| Untracked 
| 751|0x00000000aef00000, 0x00000000aef00000, 0x00000000af000000|  0%| F|  |TAMS 0x00000000aef00000, 0x00000000aef00000| Untracked 
| 752|0x00000000af000000, 0x00000000af000000, 0x00000000af100000|  0%| F|  |TAMS 0x00000000af000000, 0x00000000af000000| Untracked 
| 753|0x00000000af100000, 0x00000000af100000, 0x00000000af200000|  0%| F|  |TAMS 0x00000000af100000, 0x00000000af100000| Untracked 
| 754|0x00000000af200000, 0x00000000af200000, 0x00000000af300000|  0%| F|  |TAMS 0x00000000af200000, 0x00000000af200000| Untracked 
| 755|0x00000000af300000, 0x00000000af300000, 0x00000000af400000|  0%| F|  |TAMS 0x00000000af300000, 0x00000000af300000| Untracked 
| 756|0x00000000af400000, 0x00000000af400000, 0x00000000af500000|  0%| F|  |TAMS 0x00000000af400000, 0x00000000af400000| Untracked 
| 757|0x00000000af500000, 0x00000000af500000, 0x00000000af600000|  0%| F|  |TAMS 0x00000000af500000, 0x00000000af500000| Untracked 
| 758|0x00000000af600000, 0x00000000af600000, 0x00000000af700000|  0%| F|  |TAMS 0x00000000af600000, 0x00000000af600000| Untracked 
| 759|0x00000000af700000, 0x00000000af700000, 0x00000000af800000|  0%| F|  |TAMS 0x00000000af700000, 0x00000000af700000| Untracked 
| 760|0x00000000af800000, 0x00000000af800000, 0x00000000af900000|  0%| F|  |TAMS 0x00000000af800000, 0x00000000af800000| Untracked 
| 761|0x00000000af900000, 0x00000000af900000, 0x00000000afa00000|  0%| F|  |TAMS 0x00000000af900000, 0x00000000af900000| Untracked 
| 762|0x00000000afa00000, 0x00000000afa00000, 0x00000000afb00000|  0%| F|  |TAMS 0x00000000afa00000, 0x00000000afa00000| Untracked 
| 763|0x00000000afb00000, 0x00000000afb00000, 0x00000000afc00000|  0%| F|  |TAMS 0x00000000afb00000, 0x00000000afb00000| Untracked 
| 764|0x00000000afc00000, 0x00000000afc00000, 0x00000000afd00000|  0%| F|  |TAMS 0x00000000afc00000, 0x00000000afc00000| Untracked 
| 765|0x00000000afd00000, 0x00000000afd00000, 0x00000000afe00000|  0%| F|  |TAMS 0x00000000afd00000, 0x00000000afd00000| Untracked 
| 766|0x00000000afe00000, 0x00000000afe00000, 0x00000000aff00000|  0%| F|  |TAMS 0x00000000afe00000, 0x00000000afe00000| Untracked 
| 767|0x00000000aff00000, 0x00000000aff00000, 0x00000000b0000000|  0%| F|  |TAMS 0x00000000aff00000, 0x00000000aff00000| Untracked 
| 768|0x00000000b0000000, 0x00000000b0000000, 0x00000000b0100000|  0%| F|  |TAMS 0x00000000b0000000, 0x00000000b0000000| Untracked 
| 769|0x00000000b0100000, 0x00000000b0100000, 0x00000000b0200000|  0%| F|  |TAMS 0x00000000b0100000, 0x00000000b0100000| Untracked 
| 770|0x00000000b0200000, 0x00000000b0200000, 0x00000000b0300000|  0%| F|  |TAMS 0x00000000b0200000, 0x00000000b0200000| Untracked 
| 771|0x00000000b0300000, 0x00000000b0300000, 0x00000000b0400000|  0%| F|  |TAMS 0x00000000b0300000, 0x00000000b0300000| Untracked 
| 772|0x00000000b0400000, 0x00000000b0400000, 0x00000000b0500000|  0%| F|  |TAMS 0x00000000b0400000, 0x00000000b0400000| Untracked 
| 773|0x00000000b0500000, 0x00000000b0500000, 0x00000000b0600000|  0%| F|  |TAMS 0x00000000b0500000, 0x00000000b0500000| Untracked 
| 774|0x00000000b0600000, 0x00000000b0600000, 0x00000000b0700000|  0%| F|  |TAMS 0x00000000b0600000, 0x00000000b0600000| Untracked 
| 775|0x00000000b0700000, 0x00000000b0700000, 0x00000000b0800000|  0%| F|  |TAMS 0x00000000b0700000, 0x00000000b0700000| Untracked 
| 776|0x00000000b0800000, 0x00000000b0800000, 0x00000000b0900000|  0%| F|  |TAMS 0x00000000b0800000, 0x00000000b0800000| Untracked 
| 777|0x00000000b0900000, 0x00000000b0900000, 0x00000000b0a00000|  0%| F|  |TAMS 0x00000000b0900000, 0x00000000b0900000| Untracked 
| 778|0x00000000b0a00000, 0x00000000b0a00000, 0x00000000b0b00000|  0%| F|  |TAMS 0x00000000b0a00000, 0x00000000b0a00000| Untracked 
| 779|0x00000000b0b00000, 0x00000000b0b00000, 0x00000000b0c00000|  0%| F|  |TAMS 0x00000000b0b00000, 0x00000000b0b00000| Untracked 
| 780|0x00000000b0c00000, 0x00000000b0c00000, 0x00000000b0d00000|  0%| F|  |TAMS 0x00000000b0c00000, 0x00000000b0c00000| Untracked 
| 781|0x00000000b0d00000, 0x00000000b0d00000, 0x00000000b0e00000|  0%| F|  |TAMS 0x00000000b0d00000, 0x00000000b0d00000| Untracked 
| 782|0x00000000b0e00000, 0x00000000b0e00000, 0x00000000b0f00000|  0%| F|  |TAMS 0x00000000b0e00000, 0x00000000b0e00000| Untracked 
| 783|0x00000000b0f00000, 0x00000000b0f00000, 0x00000000b1000000|  0%| F|  |TAMS 0x00000000b0f00000, 0x00000000b0f00000| Untracked 
| 784|0x00000000b1000000, 0x00000000b1000000, 0x00000000b1100000|  0%| F|  |TAMS 0x00000000b1000000, 0x00000000b1000000| Untracked 
| 785|0x00000000b1100000, 0x00000000b1100000, 0x00000000b1200000|  0%| F|  |TAMS 0x00000000b1100000, 0x00000000b1100000| Untracked 
| 786|0x00000000b1200000, 0x00000000b1200000, 0x00000000b1300000|  0%| F|  |TAMS 0x00000000b1200000, 0x00000000b1200000| Untracked 
| 787|0x00000000b1300000, 0x00000000b1300000, 0x00000000b1400000|  0%| F|  |TAMS 0x00000000b1300000, 0x00000000b1300000| Untracked 
| 788|0x00000000b1400000, 0x00000000b1400000, 0x00000000b1500000|  0%| F|  |TAMS 0x00000000b1400000, 0x00000000b1400000| Untracked 
| 789|0x00000000b1500000, 0x00000000b1500000, 0x00000000b1600000|  0%| F|  |TAMS 0x00000000b1500000, 0x00000000b1500000| Untracked 
| 790|0x00000000b1600000, 0x00000000b1600000, 0x00000000b1700000|  0%| F|  |TAMS 0x00000000b1600000, 0x00000000b1600000| Untracked 
| 791|0x00000000b1700000, 0x00000000b1700000, 0x00000000b1800000|  0%| F|  |TAMS 0x00000000b1700000, 0x00000000b1700000| Untracked 
| 792|0x00000000b1800000, 0x00000000b1800000, 0x00000000b1900000|  0%| F|  |TAMS 0x00000000b1800000, 0x00000000b1800000| Untracked 
| 793|0x00000000b1900000, 0x00000000b1900000, 0x00000000b1a00000|  0%| F|  |TAMS 0x00000000b1900000, 0x00000000b1900000| Untracked 
| 794|0x00000000b1a00000, 0x00000000b1a00000, 0x00000000b1b00000|  0%| F|  |TAMS 0x00000000b1a00000, 0x00000000b1a00000| Untracked 
| 795|0x00000000b1b00000, 0x00000000b1b00000, 0x00000000b1c00000|  0%| F|  |TAMS 0x00000000b1b00000, 0x00000000b1b00000| Untracked 
| 796|0x00000000b1c00000, 0x00000000b1c00000, 0x00000000b1d00000|  0%| F|  |TAMS 0x00000000b1c00000, 0x00000000b1c00000| Untracked 
| 797|0x00000000b1d00000, 0x00000000b1d00000, 0x00000000b1e00000|  0%| F|  |TAMS 0x00000000b1d00000, 0x00000000b1d00000| Untracked 
| 798|0x00000000b1e00000, 0x00000000b1e00000, 0x00000000b1f00000|  0%| F|  |TAMS 0x00000000b1e00000, 0x00000000b1e00000| Untracked 
| 799|0x00000000b1f00000, 0x00000000b1f00000, 0x00000000b2000000|  0%| F|  |TAMS 0x00000000b1f00000, 0x00000000b1f00000| Untracked 
| 800|0x00000000b2000000, 0x00000000b2000000, 0x00000000b2100000|  0%| F|  |TAMS 0x00000000b2000000, 0x00000000b2000000| Untracked 
| 801|0x00000000b2100000, 0x00000000b2100000, 0x00000000b2200000|  0%| F|  |TAMS 0x00000000b2100000, 0x00000000b2100000| Untracked 
| 802|0x00000000b2200000, 0x00000000b2200000, 0x00000000b2300000|  0%| F|  |TAMS 0x00000000b2200000, 0x00000000b2200000| Untracked 
| 803|0x00000000b2300000, 0x00000000b2300000, 0x00000000b2400000|  0%| F|  |TAMS 0x00000000b2300000, 0x00000000b2300000| Untracked 
| 804|0x00000000b2400000, 0x00000000b2400000, 0x00000000b2500000|  0%| F|  |TAMS 0x00000000b2400000, 0x00000000b2400000| Untracked 
| 805|0x00000000b2500000, 0x00000000b2500000, 0x00000000b2600000|  0%| F|  |TAMS 0x00000000b2500000, 0x00000000b2500000| Untracked 
| 806|0x00000000b2600000, 0x00000000b2600000, 0x00000000b2700000|  0%| F|  |TAMS 0x00000000b2600000, 0x00000000b2600000| Untracked 
| 807|0x00000000b2700000, 0x00000000b2700000, 0x00000000b2800000|  0%| F|  |TAMS 0x00000000b2700000, 0x00000000b2700000| Untracked 
| 808|0x00000000b2800000, 0x00000000b2800000, 0x00000000b2900000|  0%| F|  |TAMS 0x00000000b2800000, 0x00000000b2800000| Untracked 
| 809|0x00000000b2900000, 0x00000000b2900000, 0x00000000b2a00000|  0%| F|  |TAMS 0x00000000b2900000, 0x00000000b2900000| Untracked 
| 810|0x00000000b2a00000, 0x00000000b2a00000, 0x00000000b2b00000|  0%| F|  |TAMS 0x00000000b2a00000, 0x00000000b2a00000| Untracked 
| 811|0x00000000b2b00000, 0x00000000b2b00000, 0x00000000b2c00000|  0%| F|  |TAMS 0x00000000b2b00000, 0x00000000b2b00000| Untracked 
| 812|0x00000000b2c00000, 0x00000000b2c00000, 0x00000000b2d00000|  0%| F|  |TAMS 0x00000000b2c00000, 0x00000000b2c00000| Untracked 
| 813|0x00000000b2d00000, 0x00000000b2d00000, 0x00000000b2e00000|  0%| F|  |TAMS 0x00000000b2d00000, 0x00000000b2d00000| Untracked 
| 814|0x00000000b2e00000, 0x00000000b2e00000, 0x00000000b2f00000|  0%| F|  |TAMS 0x00000000b2e00000, 0x00000000b2e00000| Untracked 
| 815|0x00000000b2f00000, 0x00000000b2f00000, 0x00000000b3000000|  0%| F|  |TAMS 0x00000000b2f00000, 0x00000000b2f00000| Untracked 
| 816|0x00000000b3000000, 0x00000000b3000000, 0x00000000b3100000|  0%| F|  |TAMS 0x00000000b3000000, 0x00000000b3000000| Untracked 
| 817|0x00000000b3100000, 0x00000000b3100000, 0x00000000b3200000|  0%| F|  |TAMS 0x00000000b3100000, 0x00000000b3100000| Untracked 
| 818|0x00000000b3200000, 0x00000000b3200000, 0x00000000b3300000|  0%| F|  |TAMS 0x00000000b3200000, 0x00000000b3200000| Untracked 
| 819|0x00000000b3300000, 0x00000000b3300000, 0x00000000b3400000|  0%| F|  |TAMS 0x00000000b3300000, 0x00000000b3300000| Untracked 
| 820|0x00000000b3400000, 0x00000000b3400000, 0x00000000b3500000|  0%| F|  |TAMS 0x00000000b3400000, 0x00000000b3400000| Untracked 
| 821|0x00000000b3500000, 0x00000000b3500000, 0x00000000b3600000|  0%| F|  |TAMS 0x00000000b3500000, 0x00000000b3500000| Untracked 
| 822|0x00000000b3600000, 0x00000000b3600000, 0x00000000b3700000|  0%| F|  |TAMS 0x00000000b3600000, 0x00000000b3600000| Untracked 
| 823|0x00000000b3700000, 0x00000000b3700000, 0x00000000b3800000|  0%| F|  |TAMS 0x00000000b3700000, 0x00000000b3700000| Untracked 
| 824|0x00000000b3800000, 0x00000000b3800000, 0x00000000b3900000|  0%| F|  |TAMS 0x00000000b3800000, 0x00000000b3800000| Untracked 
| 825|0x00000000b3900000, 0x00000000b3900000, 0x00000000b3a00000|  0%| F|  |TAMS 0x00000000b3900000, 0x00000000b3900000| Untracked 
| 826|0x00000000b3a00000, 0x00000000b3a00000, 0x00000000b3b00000|  0%| F|  |TAMS 0x00000000b3a00000, 0x00000000b3a00000| Untracked 
| 827|0x00000000b3b00000, 0x00000000b3b00000, 0x00000000b3c00000|  0%| F|  |TAMS 0x00000000b3b00000, 0x00000000b3b00000| Untracked 
| 828|0x00000000b3c00000, 0x00000000b3c00000, 0x00000000b3d00000|  0%| F|  |TAMS 0x00000000b3c00000, 0x00000000b3c00000| Untracked 
| 829|0x00000000b3d00000, 0x00000000b3d00000, 0x00000000b3e00000|  0%| F|  |TAMS 0x00000000b3d00000, 0x00000000b3d00000| Untracked 
| 830|0x00000000b3e00000, 0x00000000b3e00000, 0x00000000b3f00000|  0%| F|  |TAMS 0x00000000b3e00000, 0x00000000b3e00000| Untracked 
| 831|0x00000000b3f00000, 0x00000000b3f00000, 0x00000000b4000000|  0%| F|  |TAMS 0x00000000b3f00000, 0x00000000b3f00000| Untracked 
| 832|0x00000000b4000000, 0x00000000b4000000, 0x00000000b4100000|  0%| F|  |TAMS 0x00000000b4000000, 0x00000000b4000000| Untracked 
| 833|0x00000000b4100000, 0x00000000b4100000, 0x00000000b4200000|  0%| F|  |TAMS 0x00000000b4100000, 0x00000000b4100000| Untracked 
| 834|0x00000000b4200000, 0x00000000b4200000, 0x00000000b4300000|  0%| F|  |TAMS 0x00000000b4200000, 0x00000000b4200000| Untracked 
| 835|0x00000000b4300000, 0x00000000b4300000, 0x00000000b4400000|  0%| F|  |TAMS 0x00000000b4300000, 0x00000000b4300000| Untracked 
| 836|0x00000000b4400000, 0x00000000b4400000, 0x00000000b4500000|  0%| F|  |TAMS 0x00000000b4400000, 0x00000000b4400000| Untracked 
| 837|0x00000000b4500000, 0x00000000b4500000, 0x00000000b4600000|  0%| F|  |TAMS 0x00000000b4500000, 0x00000000b4500000| Untracked 
| 838|0x00000000b4600000, 0x00000000b4600000, 0x00000000b4700000|  0%| F|  |TAMS 0x00000000b4600000, 0x00000000b4600000| Untracked 
| 839|0x00000000b4700000, 0x00000000b4700000, 0x00000000b4800000|  0%| F|  |TAMS 0x00000000b4700000, 0x00000000b4700000| Untracked 
| 840|0x00000000b4800000, 0x00000000b4800000, 0x00000000b4900000|  0%| F|  |TAMS 0x00000000b4800000, 0x00000000b4800000| Untracked 
| 841|0x00000000b4900000, 0x00000000b4900000, 0x00000000b4a00000|  0%| F|  |TAMS 0x00000000b4900000, 0x00000000b4900000| Untracked 
| 842|0x00000000b4a00000, 0x00000000b4a00000, 0x00000000b4b00000|  0%| F|  |TAMS 0x00000000b4a00000, 0x00000000b4a00000| Untracked 
| 843|0x00000000b4b00000, 0x00000000b4b00000, 0x00000000b4c00000|  0%| F|  |TAMS 0x00000000b4b00000, 0x00000000b4b00000| Untracked 
| 844|0x00000000b4c00000, 0x00000000b4c00000, 0x00000000b4d00000|  0%| F|  |TAMS 0x00000000b4c00000, 0x00000000b4c00000| Untracked 
| 845|0x00000000b4d00000, 0x00000000b4d00000, 0x00000000b4e00000|  0%| F|  |TAMS 0x00000000b4d00000, 0x00000000b4d00000| Untracked 
| 846|0x00000000b4e00000, 0x00000000b4e00000, 0x00000000b4f00000|  0%| F|  |TAMS 0x00000000b4e00000, 0x00000000b4e00000| Untracked 
| 847|0x00000000b4f00000, 0x00000000b4f00000, 0x00000000b5000000|  0%| F|  |TAMS 0x00000000b4f00000, 0x00000000b4f00000| Untracked 
| 848|0x00000000b5000000, 0x00000000b5000000, 0x00000000b5100000|  0%| F|  |TAMS 0x00000000b5000000, 0x00000000b5000000| Untracked 
| 849|0x00000000b5100000, 0x00000000b5100000, 0x00000000b5200000|  0%| F|  |TAMS 0x00000000b5100000, 0x00000000b5100000| Untracked 
| 850|0x00000000b5200000, 0x00000000b5200000, 0x00000000b5300000|  0%| F|  |TAMS 0x00000000b5200000, 0x00000000b5200000| Untracked 
| 851|0x00000000b5300000, 0x00000000b5300000, 0x00000000b5400000|  0%| F|  |TAMS 0x00000000b5300000, 0x00000000b5300000| Untracked 
| 852|0x00000000b5400000, 0x00000000b5400000, 0x00000000b5500000|  0%| F|  |TAMS 0x00000000b5400000, 0x00000000b5400000| Untracked 
| 853|0x00000000b5500000, 0x00000000b5500000, 0x00000000b5600000|  0%| F|  |TAMS 0x00000000b5500000, 0x00000000b5500000| Untracked 
| 854|0x00000000b5600000, 0x00000000b5600000, 0x00000000b5700000|  0%| F|  |TAMS 0x00000000b5600000, 0x00000000b5600000| Untracked 
| 855|0x00000000b5700000, 0x00000000b5700000, 0x00000000b5800000|  0%| F|  |TAMS 0x00000000b5700000, 0x00000000b5700000| Untracked 
| 856|0x00000000b5800000, 0x00000000b5800000, 0x00000000b5900000|  0%| F|  |TAMS 0x00000000b5800000, 0x00000000b5800000| Untracked 
| 857|0x00000000b5900000, 0x00000000b5900000, 0x00000000b5a00000|  0%| F|  |TAMS 0x00000000b5900000, 0x00000000b5900000| Untracked 
| 858|0x00000000b5a00000, 0x00000000b5a00000, 0x00000000b5b00000|  0%| F|  |TAMS 0x00000000b5a00000, 0x00000000b5a00000| Untracked 
| 859|0x00000000b5b00000, 0x00000000b5b00000, 0x00000000b5c00000|  0%| F|  |TAMS 0x00000000b5b00000, 0x00000000b5b00000| Untracked 
| 860|0x00000000b5c00000, 0x00000000b5c00000, 0x00000000b5d00000|  0%| F|  |TAMS 0x00000000b5c00000, 0x00000000b5c00000| Untracked 
| 861|0x00000000b5d00000, 0x00000000b5d00000, 0x00000000b5e00000|  0%| F|  |TAMS 0x00000000b5d00000, 0x00000000b5d00000| Untracked 
| 862|0x00000000b5e00000, 0x00000000b5e00000, 0x00000000b5f00000|  0%| F|  |TAMS 0x00000000b5e00000, 0x00000000b5e00000| Untracked 
| 863|0x00000000b5f00000, 0x00000000b5f00000, 0x00000000b6000000|  0%| F|  |TAMS 0x00000000b5f00000, 0x00000000b5f00000| Untracked 
| 864|0x00000000b6000000, 0x00000000b6000000, 0x00000000b6100000|  0%| F|  |TAMS 0x00000000b6000000, 0x00000000b6000000| Untracked 
| 865|0x00000000b6100000, 0x00000000b6100000, 0x00000000b6200000|  0%| F|  |TAMS 0x00000000b6100000, 0x00000000b6100000| Untracked 
| 866|0x00000000b6200000, 0x00000000b6200000, 0x00000000b6300000|  0%| F|  |TAMS 0x00000000b6200000, 0x00000000b6200000| Untracked 
| 867|0x00000000b6300000, 0x00000000b6300000, 0x00000000b6400000|  0%| F|  |TAMS 0x00000000b6300000, 0x00000000b6300000| Untracked 
| 868|0x00000000b6400000, 0x00000000b6400000, 0x00000000b6500000|  0%| F|  |TAMS 0x00000000b6400000, 0x00000000b6400000| Untracked 
| 869|0x00000000b6500000, 0x00000000b6500000, 0x00000000b6600000|  0%| F|  |TAMS 0x00000000b6500000, 0x00000000b6500000| Untracked 
| 870|0x00000000b6600000, 0x00000000b6600000, 0x00000000b6700000|  0%| F|  |TAMS 0x00000000b6600000, 0x00000000b6600000| Untracked 
| 871|0x00000000b6700000, 0x00000000b6700000, 0x00000000b6800000|  0%| F|  |TAMS 0x00000000b6700000, 0x00000000b6700000| Untracked 
| 872|0x00000000b6800000, 0x00000000b6800000, 0x00000000b6900000|  0%| F|  |TAMS 0x00000000b6800000, 0x00000000b6800000| Untracked 
| 873|0x00000000b6900000, 0x00000000b6900000, 0x00000000b6a00000|  0%| F|  |TAMS 0x00000000b6900000, 0x00000000b6900000| Untracked 
| 874|0x00000000b6a00000, 0x00000000b6a00000, 0x00000000b6b00000|  0%| F|  |TAMS 0x00000000b6a00000, 0x00000000b6a00000| Untracked 
| 875|0x00000000b6b00000, 0x00000000b6b00000, 0x00000000b6c00000|  0%| F|  |TAMS 0x00000000b6b00000, 0x00000000b6b00000| Untracked 
| 876|0x00000000b6c00000, 0x00000000b6c00000, 0x00000000b6d00000|  0%| F|  |TAMS 0x00000000b6c00000, 0x00000000b6c00000| Untracked 
| 877|0x00000000b6d00000, 0x00000000b6d00000, 0x00000000b6e00000|  0%| F|  |TAMS 0x00000000b6d00000, 0x00000000b6d00000| Untracked 
| 878|0x00000000b6e00000, 0x00000000b6e00000, 0x00000000b6f00000|  0%| F|  |TAMS 0x00000000b6e00000, 0x00000000b6e00000| Untracked 
| 879|0x00000000b6f00000, 0x00000000b6f00000, 0x00000000b7000000|  0%| F|  |TAMS 0x00000000b6f00000, 0x00000000b6f00000| Untracked 
| 880|0x00000000b7000000, 0x00000000b7000000, 0x00000000b7100000|  0%| F|  |TAMS 0x00000000b7000000, 0x00000000b7000000| Untracked 
| 881|0x00000000b7100000, 0x00000000b7100000, 0x00000000b7200000|  0%| F|  |TAMS 0x00000000b7100000, 0x00000000b7100000| Untracked 
| 882|0x00000000b7200000, 0x00000000b7200000, 0x00000000b7300000|  0%| F|  |TAMS 0x00000000b7200000, 0x00000000b7200000| Untracked 
| 883|0x00000000b7300000, 0x00000000b7300000, 0x00000000b7400000|  0%| F|  |TAMS 0x00000000b7300000, 0x00000000b7300000| Untracked 
| 884|0x00000000b7400000, 0x00000000b7400000, 0x00000000b7500000|  0%| F|  |TAMS 0x00000000b7400000, 0x00000000b7400000| Untracked 
| 885|0x00000000b7500000, 0x00000000b7500000, 0x00000000b7600000|  0%| F|  |TAMS 0x00000000b7500000, 0x00000000b7500000| Untracked 
| 886|0x00000000b7600000, 0x00000000b7600000, 0x00000000b7700000|  0%| F|  |TAMS 0x00000000b7600000, 0x00000000b7600000| Untracked 
| 887|0x00000000b7700000, 0x00000000b7700000, 0x00000000b7800000|  0%| F|  |TAMS 0x00000000b7700000, 0x00000000b7700000| Untracked 
| 888|0x00000000b7800000, 0x00000000b7800000, 0x00000000b7900000|  0%| F|  |TAMS 0x00000000b7800000, 0x00000000b7800000| Untracked 
| 889|0x00000000b7900000, 0x00000000b7900000, 0x00000000b7a00000|  0%| F|  |TAMS 0x00000000b7900000, 0x00000000b7900000| Untracked 
| 890|0x00000000b7a00000, 0x00000000b7a00000, 0x00000000b7b00000|  0%| F|  |TAMS 0x00000000b7a00000, 0x00000000b7a00000| Untracked 
| 891|0x00000000b7b00000, 0x00000000b7b00000, 0x00000000b7c00000|  0%| F|  |TAMS 0x00000000b7b00000, 0x00000000b7b00000| Untracked 
| 892|0x00000000b7c00000, 0x00000000b7c00000, 0x00000000b7d00000|  0%| F|  |TAMS 0x00000000b7c00000, 0x00000000b7c00000| Untracked 
| 893|0x00000000b7d00000, 0x00000000b7d00000, 0x00000000b7e00000|  0%| F|  |TAMS 0x00000000b7d00000, 0x00000000b7d00000| Untracked 
| 894|0x00000000b7e00000, 0x00000000b7e00000, 0x00000000b7f00000|  0%| F|  |TAMS 0x00000000b7e00000, 0x00000000b7e00000| Untracked 
| 895|0x00000000b7f00000, 0x00000000b7f00000, 0x00000000b8000000|  0%| F|  |TAMS 0x00000000b7f00000, 0x00000000b7f00000| Untracked 
| 896|0x00000000b8000000, 0x00000000b8000000, 0x00000000b8100000|  0%| F|  |TAMS 0x00000000b8000000, 0x00000000b8000000| Untracked 
| 897|0x00000000b8100000, 0x00000000b8100000, 0x00000000b8200000|  0%| F|  |TAMS 0x00000000b8100000, 0x00000000b8100000| Untracked 
| 898|0x00000000b8200000, 0x00000000b8200000, 0x00000000b8300000|  0%| F|  |TAMS 0x00000000b8200000, 0x00000000b8200000| Untracked 
| 899|0x00000000b8300000, 0x00000000b8300000, 0x00000000b8400000|  0%| F|  |TAMS 0x00000000b8300000, 0x00000000b8300000| Untracked 
| 900|0x00000000b8400000, 0x00000000b8400000, 0x00000000b8500000|  0%| F|  |TAMS 0x00000000b8400000, 0x00000000b8400000| Untracked 
| 901|0x00000000b8500000, 0x00000000b8500000, 0x00000000b8600000|  0%| F|  |TAMS 0x00000000b8500000, 0x00000000b8500000| Untracked 
| 902|0x00000000b8600000, 0x00000000b8600000, 0x00000000b8700000|  0%| F|  |TAMS 0x00000000b8600000, 0x00000000b8600000| Untracked 
| 903|0x00000000b8700000, 0x00000000b8700000, 0x00000000b8800000|  0%| F|  |TAMS 0x00000000b8700000, 0x00000000b8700000| Untracked 
| 904|0x00000000b8800000, 0x00000000b8800000, 0x00000000b8900000|  0%| F|  |TAMS 0x00000000b8800000, 0x00000000b8800000| Untracked 
| 905|0x00000000b8900000, 0x00000000b8900000, 0x00000000b8a00000|  0%| F|  |TAMS 0x00000000b8900000, 0x00000000b8900000| Untracked 
| 906|0x00000000b8a00000, 0x00000000b8a00000, 0x00000000b8b00000|  0%| F|  |TAMS 0x00000000b8a00000, 0x00000000b8a00000| Untracked 
| 907|0x00000000b8b00000, 0x00000000b8b00000, 0x00000000b8c00000|  0%| F|  |TAMS 0x00000000b8b00000, 0x00000000b8b00000| Untracked 
| 908|0x00000000b8c00000, 0x00000000b8c00000, 0x00000000b8d00000|  0%| F|  |TAMS 0x00000000b8c00000, 0x00000000b8c00000| Untracked 
| 909|0x00000000b8d00000, 0x00000000b8d00000, 0x00000000b8e00000|  0%| F|  |TAMS 0x00000000b8d00000, 0x00000000b8d00000| Untracked 
| 910|0x00000000b8e00000, 0x00000000b8e00000, 0x00000000b8f00000|  0%| F|  |TAMS 0x00000000b8e00000, 0x00000000b8e00000| Untracked 
| 911|0x00000000b8f00000, 0x00000000b8f00000, 0x00000000b9000000|  0%| F|  |TAMS 0x00000000b8f00000, 0x00000000b8f00000| Untracked 
| 912|0x00000000b9000000, 0x00000000b9000000, 0x00000000b9100000|  0%| F|  |TAMS 0x00000000b9000000, 0x00000000b9000000| Untracked 
| 913|0x00000000b9100000, 0x00000000b9100000, 0x00000000b9200000|  0%| F|  |TAMS 0x00000000b9100000, 0x00000000b9100000| Untracked 
| 914|0x00000000b9200000, 0x00000000b9200000, 0x00000000b9300000|  0%| F|  |TAMS 0x00000000b9200000, 0x00000000b9200000| Untracked 
| 915|0x00000000b9300000, 0x00000000b9300000, 0x00000000b9400000|  0%| F|  |TAMS 0x00000000b9300000, 0x00000000b9300000| Untracked 
| 916|0x00000000b9400000, 0x00000000b9400000, 0x00000000b9500000|  0%| F|  |TAMS 0x00000000b9400000, 0x00000000b9400000| Untracked 
| 917|0x00000000b9500000, 0x00000000b9500000, 0x00000000b9600000|  0%| F|  |TAMS 0x00000000b9500000, 0x00000000b9500000| Untracked 
| 918|0x00000000b9600000, 0x00000000b9600000, 0x00000000b9700000|  0%| F|  |TAMS 0x00000000b9600000, 0x00000000b9600000| Untracked 
| 919|0x00000000b9700000, 0x00000000b9700000, 0x00000000b9800000|  0%| F|  |TAMS 0x00000000b9700000, 0x00000000b9700000| Untracked 
| 920|0x00000000b9800000, 0x00000000b9800000, 0x00000000b9900000|  0%| F|  |TAMS 0x00000000b9800000, 0x00000000b9800000| Untracked 
| 921|0x00000000b9900000, 0x00000000b9900000, 0x00000000b9a00000|  0%| F|  |TAMS 0x00000000b9900000, 0x00000000b9900000| Untracked 
| 922|0x00000000b9a00000, 0x00000000b9a00000, 0x00000000b9b00000|  0%| F|  |TAMS 0x00000000b9a00000, 0x00000000b9a00000| Untracked 
| 923|0x00000000b9b00000, 0x00000000b9b00000, 0x00000000b9c00000|  0%| F|  |TAMS 0x00000000b9b00000, 0x00000000b9b00000| Untracked 
| 924|0x00000000b9c00000, 0x00000000b9c00000, 0x00000000b9d00000|  0%| F|  |TAMS 0x00000000b9c00000, 0x00000000b9c00000| Untracked 
| 925|0x00000000b9d00000, 0x00000000b9d00000, 0x00000000b9e00000|  0%| F|  |TAMS 0x00000000b9d00000, 0x00000000b9d00000| Untracked 
| 926|0x00000000b9e00000, 0x00000000b9e00000, 0x00000000b9f00000|  0%| F|  |TAMS 0x00000000b9e00000, 0x00000000b9e00000| Untracked 
| 927|0x00000000b9f00000, 0x00000000b9f00000, 0x00000000ba000000|  0%| F|  |TAMS 0x00000000b9f00000, 0x00000000b9f00000| Untracked 
| 928|0x00000000ba000000, 0x00000000ba000000, 0x00000000ba100000|  0%| F|  |TAMS 0x00000000ba000000, 0x00000000ba000000| Untracked 
| 929|0x00000000ba100000, 0x00000000ba100000, 0x00000000ba200000|  0%| F|  |TAMS 0x00000000ba100000, 0x00000000ba100000| Untracked 
| 930|0x00000000ba200000, 0x00000000ba200000, 0x00000000ba300000|  0%| F|  |TAMS 0x00000000ba200000, 0x00000000ba200000| Untracked 
| 931|0x00000000ba300000, 0x00000000ba300000, 0x00000000ba400000|  0%| F|  |TAMS 0x00000000ba300000, 0x00000000ba300000| Untracked 
| 932|0x00000000ba400000, 0x00000000ba400000, 0x00000000ba500000|  0%| F|  |TAMS 0x00000000ba400000, 0x00000000ba400000| Untracked 
| 933|0x00000000ba500000, 0x00000000ba500000, 0x00000000ba600000|  0%| F|  |TAMS 0x00000000ba500000, 0x00000000ba500000| Untracked 
| 934|0x00000000ba600000, 0x00000000ba600000, 0x00000000ba700000|  0%| F|  |TAMS 0x00000000ba600000, 0x00000000ba600000| Untracked 
| 935|0x00000000ba700000, 0x00000000ba700000, 0x00000000ba800000|  0%| F|  |TAMS 0x00000000ba700000, 0x00000000ba700000| Untracked 
| 936|0x00000000ba800000, 0x00000000ba800000, 0x00000000ba900000|  0%| F|  |TAMS 0x00000000ba800000, 0x00000000ba800000| Untracked 
| 937|0x00000000ba900000, 0x00000000ba900000, 0x00000000baa00000|  0%| F|  |TAMS 0x00000000ba900000, 0x00000000ba900000| Untracked 
| 938|0x00000000baa00000, 0x00000000baa00000, 0x00000000bab00000|  0%| F|  |TAMS 0x00000000baa00000, 0x00000000baa00000| Untracked 
| 939|0x00000000bab00000, 0x00000000bab00000, 0x00000000bac00000|  0%| F|  |TAMS 0x00000000bab00000, 0x00000000bab00000| Untracked 
| 940|0x00000000bac00000, 0x00000000bac00000, 0x00000000bad00000|  0%| F|  |TAMS 0x00000000bac00000, 0x00000000bac00000| Untracked 
| 941|0x00000000bad00000, 0x00000000bad00000, 0x00000000bae00000|  0%| F|  |TAMS 0x00000000bad00000, 0x00000000bad00000| Untracked 
| 942|0x00000000bae00000, 0x00000000bae00000, 0x00000000baf00000|  0%| F|  |TAMS 0x00000000bae00000, 0x00000000bae00000| Untracked 
| 943|0x00000000baf00000, 0x00000000baf00000, 0x00000000bb000000|  0%| F|  |TAMS 0x00000000baf00000, 0x00000000baf00000| Untracked 
| 944|0x00000000bb000000, 0x00000000bb000000, 0x00000000bb100000|  0%| F|  |TAMS 0x00000000bb000000, 0x00000000bb000000| Untracked 
| 945|0x00000000bb100000, 0x00000000bb100000, 0x00000000bb200000|  0%| F|  |TAMS 0x00000000bb100000, 0x00000000bb100000| Untracked 
| 946|0x00000000bb200000, 0x00000000bb200000, 0x00000000bb300000|  0%| F|  |TAMS 0x00000000bb200000, 0x00000000bb200000| Untracked 
| 947|0x00000000bb300000, 0x00000000bb300000, 0x00000000bb400000|  0%| F|  |TAMS 0x00000000bb300000, 0x00000000bb300000| Untracked 
| 948|0x00000000bb400000, 0x00000000bb400000, 0x00000000bb500000|  0%| F|  |TAMS 0x00000000bb400000, 0x00000000bb400000| Untracked 
| 949|0x00000000bb500000, 0x00000000bb500000, 0x00000000bb600000|  0%| F|  |TAMS 0x00000000bb500000, 0x00000000bb500000| Untracked 
| 950|0x00000000bb600000, 0x00000000bb600000, 0x00000000bb700000|  0%| F|  |TAMS 0x00000000bb600000, 0x00000000bb600000| Untracked 
| 951|0x00000000bb700000, 0x00000000bb700000, 0x00000000bb800000|  0%| F|  |TAMS 0x00000000bb700000, 0x00000000bb700000| Untracked 
| 952|0x00000000bb800000, 0x00000000bb800000, 0x00000000bb900000|  0%| F|  |TAMS 0x00000000bb800000, 0x00000000bb800000| Untracked 
| 953|0x00000000bb900000, 0x00000000bb900000, 0x00000000bba00000|  0%| F|  |TAMS 0x00000000bb900000, 0x00000000bb900000| Untracked 
| 954|0x00000000bba00000, 0x00000000bba00000, 0x00000000bbb00000|  0%| F|  |TAMS 0x00000000bba00000, 0x00000000bba00000| Untracked 
| 955|0x00000000bbb00000, 0x00000000bbb00000, 0x00000000bbc00000|  0%| F|  |TAMS 0x00000000bbb00000, 0x00000000bbb00000| Untracked 
| 956|0x00000000bbc00000, 0x00000000bbc00000, 0x00000000bbd00000|  0%| F|  |TAMS 0x00000000bbc00000, 0x00000000bbc00000| Untracked 
| 957|0x00000000bbd00000, 0x00000000bbd00000, 0x00000000bbe00000|  0%| F|  |TAMS 0x00000000bbd00000, 0x00000000bbd00000| Untracked 
| 958|0x00000000bbe00000, 0x00000000bbe00000, 0x00000000bbf00000|  0%| F|  |TAMS 0x00000000bbe00000, 0x00000000bbe00000| Untracked 
| 959|0x00000000bbf00000, 0x00000000bbf00000, 0x00000000bc000000|  0%| F|  |TAMS 0x00000000bbf00000, 0x00000000bbf00000| Untracked 
| 960|0x00000000bc000000, 0x00000000bc000000, 0x00000000bc100000|  0%| F|  |TAMS 0x00000000bc000000, 0x00000000bc000000| Untracked 
| 961|0x00000000bc100000, 0x00000000bc100000, 0x00000000bc200000|  0%| F|  |TAMS 0x00000000bc100000, 0x00000000bc100000| Untracked 
| 962|0x00000000bc200000, 0x00000000bc200000, 0x00000000bc300000|  0%| F|  |TAMS 0x00000000bc200000, 0x00000000bc200000| Untracked 
| 963|0x00000000bc300000, 0x00000000bc300000, 0x00000000bc400000|  0%| F|  |TAMS 0x00000000bc300000, 0x00000000bc300000| Untracked 
| 964|0x00000000bc400000, 0x00000000bc400000, 0x00000000bc500000|  0%| F|  |TAMS 0x00000000bc400000, 0x00000000bc400000| Untracked 
| 965|0x00000000bc500000, 0x00000000bc500000, 0x00000000bc600000|  0%| F|  |TAMS 0x00000000bc500000, 0x00000000bc500000| Untracked 
| 966|0x00000000bc600000, 0x00000000bc600000, 0x00000000bc700000|  0%| F|  |TAMS 0x00000000bc600000, 0x00000000bc600000| Untracked 
| 967|0x00000000bc700000, 0x00000000bc700000, 0x00000000bc800000|  0%| F|  |TAMS 0x00000000bc700000, 0x00000000bc700000| Untracked 
| 968|0x00000000bc800000, 0x00000000bc800000, 0x00000000bc900000|  0%| F|  |TAMS 0x00000000bc800000, 0x00000000bc800000| Untracked 
| 969|0x00000000bc900000, 0x00000000bc900000, 0x00000000bca00000|  0%| F|  |TAMS 0x00000000bc900000, 0x00000000bc900000| Untracked 
| 970|0x00000000bca00000, 0x00000000bca00000, 0x00000000bcb00000|  0%| F|  |TAMS 0x00000000bca00000, 0x00000000bca00000| Untracked 
| 971|0x00000000bcb00000, 0x00000000bcb00000, 0x00000000bcc00000|  0%| F|  |TAMS 0x00000000bcb00000, 0x00000000bcb00000| Untracked 
| 972|0x00000000bcc00000, 0x00000000bcc00000, 0x00000000bcd00000|  0%| F|  |TAMS 0x00000000bcc00000, 0x00000000bcc00000| Untracked 
| 973|0x00000000bcd00000, 0x00000000bcd00000, 0x00000000bce00000|  0%| F|  |TAMS 0x00000000bcd00000, 0x00000000bcd00000| Untracked 
| 974|0x00000000bce00000, 0x00000000bce00000, 0x00000000bcf00000|  0%| F|  |TAMS 0x00000000bce00000, 0x00000000bce00000| Untracked 
| 975|0x00000000bcf00000, 0x00000000bcf00000, 0x00000000bd000000|  0%| F|  |TAMS 0x00000000bcf00000, 0x00000000bcf00000| Untracked 
| 976|0x00000000bd000000, 0x00000000bd000000, 0x00000000bd100000|  0%| F|  |TAMS 0x00000000bd000000, 0x00000000bd000000| Untracked 
| 977|0x00000000bd100000, 0x00000000bd100000, 0x00000000bd200000|  0%| F|  |TAMS 0x00000000bd100000, 0x00000000bd100000| Untracked 
| 978|0x00000000bd200000, 0x00000000bd200000, 0x00000000bd300000|  0%| F|  |TAMS 0x00000000bd200000, 0x00000000bd200000| Untracked 
| 979|0x00000000bd300000, 0x00000000bd300000, 0x00000000bd400000|  0%| F|  |TAMS 0x00000000bd300000, 0x00000000bd300000| Untracked 
| 980|0x00000000bd400000, 0x00000000bd400000, 0x00000000bd500000|  0%| F|  |TAMS 0x00000000bd400000, 0x00000000bd400000| Untracked 
| 981|0x00000000bd500000, 0x00000000bd500000, 0x00000000bd600000|  0%| F|  |TAMS 0x00000000bd500000, 0x00000000bd500000| Untracked 
| 982|0x00000000bd600000, 0x00000000bd600000, 0x00000000bd700000|  0%| F|  |TAMS 0x00000000bd600000, 0x00000000bd600000| Untracked 
| 983|0x00000000bd700000, 0x00000000bd700000, 0x00000000bd800000|  0%| F|  |TAMS 0x00000000bd700000, 0x00000000bd700000| Untracked 
| 984|0x00000000bd800000, 0x00000000bd800000, 0x00000000bd900000|  0%| F|  |TAMS 0x00000000bd800000, 0x00000000bd800000| Untracked 
| 985|0x00000000bd900000, 0x00000000bd900000, 0x00000000bda00000|  0%| F|  |TAMS 0x00000000bd900000, 0x00000000bd900000| Untracked 
| 986|0x00000000bda00000, 0x00000000bda00000, 0x00000000bdb00000|  0%| F|  |TAMS 0x00000000bda00000, 0x00000000bda00000| Untracked 
| 987|0x00000000bdb00000, 0x00000000bdb00000, 0x00000000bdc00000|  0%| F|  |TAMS 0x00000000bdb00000, 0x00000000bdb00000| Untracked 
| 988|0x00000000bdc00000, 0x00000000bdc00000, 0x00000000bdd00000|  0%| F|  |TAMS 0x00000000bdc00000, 0x00000000bdc00000| Untracked 
| 989|0x00000000bdd00000, 0x00000000bdd00000, 0x00000000bde00000|  0%| F|  |TAMS 0x00000000bdd00000, 0x00000000bdd00000| Untracked 
| 990|0x00000000bde00000, 0x00000000bde00000, 0x00000000bdf00000|  0%| F|  |TAMS 0x00000000bde00000, 0x00000000bde00000| Untracked 
| 991|0x00000000bdf00000, 0x00000000bdf00000, 0x00000000be000000|  0%| F|  |TAMS 0x00000000bdf00000, 0x00000000bdf00000| Untracked 
| 992|0x00000000be000000, 0x00000000be000000, 0x00000000be100000|  0%| F|  |TAMS 0x00000000be000000, 0x00000000be000000| Untracked 
| 993|0x00000000be100000, 0x00000000be100000, 0x00000000be200000|  0%| F|  |TAMS 0x00000000be100000, 0x00000000be100000| Untracked 
| 994|0x00000000be200000, 0x00000000be200000, 0x00000000be300000|  0%| F|  |TAMS 0x00000000be200000, 0x00000000be200000| Untracked 
| 995|0x00000000be300000, 0x00000000be300000, 0x00000000be400000|  0%| F|  |TAMS 0x00000000be300000, 0x00000000be300000| Untracked 
| 996|0x00000000be400000, 0x00000000be400000, 0x00000000be500000|  0%| F|  |TAMS 0x00000000be400000, 0x00000000be400000| Untracked 
| 997|0x00000000be500000, 0x00000000be500000, 0x00000000be600000|  0%| F|  |TAMS 0x00000000be500000, 0x00000000be500000| Untracked 
| 998|0x00000000be600000, 0x00000000be600000, 0x00000000be700000|  0%| F|  |TAMS 0x00000000be600000, 0x00000000be600000| Untracked 
| 999|0x00000000be700000, 0x00000000be700000, 0x00000000be800000|  0%| F|  |TAMS 0x00000000be700000, 0x00000000be700000| Untracked 
|1000|0x00000000be800000, 0x00000000be800000, 0x00000000be900000|  0%| F|  |TAMS 0x00000000be800000, 0x00000000be800000| Untracked 
|1001|0x00000000be900000, 0x00000000be900000, 0x00000000bea00000|  0%| F|  |TAMS 0x00000000be900000, 0x00000000be900000| Untracked 
|1002|0x00000000bea00000, 0x00000000bea00000, 0x00000000beb00000|  0%| F|  |TAMS 0x00000000bea00000, 0x00000000bea00000| Untracked 
|1003|0x00000000beb00000, 0x00000000beb00000, 0x00000000bec00000|  0%| F|  |TAMS 0x00000000beb00000, 0x00000000beb00000| Untracked 
|1004|0x00000000bec00000, 0x00000000bec00000, 0x00000000bed00000|  0%| F|  |TAMS 0x00000000bec00000, 0x00000000bec00000| Untracked 
|1005|0x00000000bed00000, 0x00000000bed00000, 0x00000000bee00000|  0%| F|  |TAMS 0x00000000bed00000, 0x00000000bed00000| Untracked 
|1006|0x00000000bee00000, 0x00000000bee00000, 0x00000000bef00000|  0%| F|  |TAMS 0x00000000bee00000, 0x00000000bee00000| Untracked 
|1007|0x00000000bef00000, 0x00000000bef00000, 0x00000000bf000000|  0%| F|  |TAMS 0x00000000bef00000, 0x00000000bef00000| Untracked 
|1008|0x00000000bf000000, 0x00000000bf000000, 0x00000000bf100000|  0%| F|  |TAMS 0x00000000bf000000, 0x00000000bf000000| Untracked 
|1009|0x00000000bf100000, 0x00000000bf100000, 0x00000000bf200000|  0%| F|  |TAMS 0x00000000bf100000, 0x00000000bf100000| Untracked 
|1010|0x00000000bf200000, 0x00000000bf200000, 0x00000000bf300000|  0%| F|  |TAMS 0x00000000bf200000, 0x00000000bf200000| Untracked 
|1011|0x00000000bf300000, 0x00000000bf300000, 0x00000000bf400000|  0%| F|  |TAMS 0x00000000bf300000, 0x00000000bf300000| Untracked 
|1012|0x00000000bf400000, 0x00000000bf400000, 0x00000000bf500000|  0%| F|  |TAMS 0x00000000bf400000, 0x00000000bf400000| Untracked 
|1013|0x00000000bf500000, 0x00000000bf500000, 0x00000000bf600000|  0%| F|  |TAMS 0x00000000bf500000, 0x00000000bf500000| Untracked 
|1014|0x00000000bf600000, 0x00000000bf600000, 0x00000000bf700000|  0%| F|  |TAMS 0x00000000bf600000, 0x00000000bf600000| Untracked 
|1015|0x00000000bf700000, 0x00000000bf700000, 0x00000000bf800000|  0%| F|  |TAMS 0x00000000bf700000, 0x00000000bf700000| Untracked 
|1016|0x00000000bf800000, 0x00000000bf800000, 0x00000000bf900000|  0%| F|  |TAMS 0x00000000bf800000, 0x00000000bf800000| Untracked 
|1017|0x00000000bf900000, 0x00000000bf900000, 0x00000000bfa00000|  0%| F|  |TAMS 0x00000000bf900000, 0x00000000bf900000| Untracked 
|1018|0x00000000bfa00000, 0x00000000bfa00000, 0x00000000bfb00000|  0%| F|  |TAMS 0x00000000bfa00000, 0x00000000bfa00000| Untracked 
|1019|0x00000000bfb00000, 0x00000000bfb00000, 0x00000000bfc00000|  0%| F|  |TAMS 0x00000000bfb00000, 0x00000000bfb00000| Untracked 
|1020|0x00000000bfc00000, 0x00000000bfc00000, 0x00000000bfd00000|  0%| F|  |TAMS 0x00000000bfc00000, 0x00000000bfc00000| Untracked 
|1021|0x00000000bfd00000, 0x00000000bfd00000, 0x00000000bfe00000|  0%| F|  |TAMS 0x00000000bfd00000, 0x00000000bfd00000| Untracked 
|1022|0x00000000bfe00000, 0x00000000bfe00000, 0x00000000bff00000|  0%| F|  |TAMS 0x00000000bfe00000, 0x00000000bfe00000| Untracked 
|1023|0x00000000bff00000, 0x00000000bff00000, 0x00000000c0000000|  0%| F|  |TAMS 0x00000000bff00000, 0x00000000bff00000| Untracked 
|1024|0x00000000c0000000, 0x00000000c0000000, 0x00000000c0100000|  0%| F|  |TAMS 0x00000000c0000000, 0x00000000c0000000| Untracked 
|1025|0x00000000c0100000, 0x00000000c0100000, 0x00000000c0200000|  0%| F|  |TAMS 0x00000000c0100000, 0x00000000c0100000| Untracked 
|1026|0x00000000c0200000, 0x00000000c0200000, 0x00000000c0300000|  0%| F|  |TAMS 0x00000000c0200000, 0x00000000c0200000| Untracked 
|1027|0x00000000c0300000, 0x00000000c0300000, 0x00000000c0400000|  0%| F|  |TAMS 0x00000000c0300000, 0x00000000c0300000| Untracked 
|1028|0x00000000c0400000, 0x00000000c0400000, 0x00000000c0500000|  0%| F|  |TAMS 0x00000000c0400000, 0x00000000c0400000| Untracked 
|1029|0x00000000c0500000, 0x00000000c0500000, 0x00000000c0600000|  0%| F|  |TAMS 0x00000000c0500000, 0x00000000c0500000| Untracked 
|1030|0x00000000c0600000, 0x00000000c0600000, 0x00000000c0700000|  0%| F|  |TAMS 0x00000000c0600000, 0x00000000c0600000| Untracked 
|1031|0x00000000c0700000, 0x00000000c0700000, 0x00000000c0800000|  0%| F|  |TAMS 0x00000000c0700000, 0x00000000c0700000| Untracked 
|1032|0x00000000c0800000, 0x00000000c0800000, 0x00000000c0900000|  0%| F|  |TAMS 0x00000000c0800000, 0x00000000c0800000| Untracked 
|1033|0x00000000c0900000, 0x00000000c0900000, 0x00000000c0a00000|  0%| F|  |TAMS 0x00000000c0900000, 0x00000000c0900000| Untracked 
|1034|0x00000000c0a00000, 0x00000000c0a00000, 0x00000000c0b00000|  0%| F|  |TAMS 0x00000000c0a00000, 0x00000000c0a00000| Untracked 
|1035|0x00000000c0b00000, 0x00000000c0b00000, 0x00000000c0c00000|  0%| F|  |TAMS 0x00000000c0b00000, 0x00000000c0b00000| Untracked 
|1036|0x00000000c0c00000, 0x00000000c0c00000, 0x00000000c0d00000|  0%| F|  |TAMS 0x00000000c0c00000, 0x00000000c0c00000| Untracked 
|1037|0x00000000c0d00000, 0x00000000c0d00000, 0x00000000c0e00000|  0%| F|  |TAMS 0x00000000c0d00000, 0x00000000c0d00000| Untracked 
|1038|0x00000000c0e00000, 0x00000000c0e00000, 0x00000000c0f00000|  0%| F|  |TAMS 0x00000000c0e00000, 0x00000000c0e00000| Untracked 
|1039|0x00000000c0f00000, 0x00000000c0f00000, 0x00000000c1000000|  0%| F|  |TAMS 0x00000000c0f00000, 0x00000000c0f00000| Untracked 
|1040|0x00000000c1000000, 0x00000000c1000000, 0x00000000c1100000|  0%| F|  |TAMS 0x00000000c1000000, 0x00000000c1000000| Untracked 
|1041|0x00000000c1100000, 0x00000000c1100000, 0x00000000c1200000|  0%| F|  |TAMS 0x00000000c1100000, 0x00000000c1100000| Untracked 
|1042|0x00000000c1200000, 0x00000000c1200000, 0x00000000c1300000|  0%| F|  |TAMS 0x00000000c1200000, 0x00000000c1200000| Untracked 
|1043|0x00000000c1300000, 0x00000000c1300000, 0x00000000c1400000|  0%| F|  |TAMS 0x00000000c1300000, 0x00000000c1300000| Untracked 
|1044|0x00000000c1400000, 0x00000000c1400000, 0x00000000c1500000|  0%| F|  |TAMS 0x00000000c1400000, 0x00000000c1400000| Untracked 
|1045|0x00000000c1500000, 0x00000000c1500000, 0x00000000c1600000|  0%| F|  |TAMS 0x00000000c1500000, 0x00000000c1500000| Untracked 
|1046|0x00000000c1600000, 0x00000000c1600000, 0x00000000c1700000|  0%| F|  |TAMS 0x00000000c1600000, 0x00000000c1600000| Untracked 
|1047|0x00000000c1700000, 0x00000000c1700000, 0x00000000c1800000|  0%| F|  |TAMS 0x00000000c1700000, 0x00000000c1700000| Untracked 
|1048|0x00000000c1800000, 0x00000000c1800000, 0x00000000c1900000|  0%| F|  |TAMS 0x00000000c1800000, 0x00000000c1800000| Untracked 
|1049|0x00000000c1900000, 0x00000000c1900000, 0x00000000c1a00000|  0%| F|  |TAMS 0x00000000c1900000, 0x00000000c1900000| Untracked 
|1050|0x00000000c1a00000, 0x00000000c1a00000, 0x00000000c1b00000|  0%| F|  |TAMS 0x00000000c1a00000, 0x00000000c1a00000| Untracked 
|1051|0x00000000c1b00000, 0x00000000c1b00000, 0x00000000c1c00000|  0%| F|  |TAMS 0x00000000c1b00000, 0x00000000c1b00000| Untracked 
|1052|0x00000000c1c00000, 0x00000000c1c00000, 0x00000000c1d00000|  0%| F|  |TAMS 0x00000000c1c00000, 0x00000000c1c00000| Untracked 
|1053|0x00000000c1d00000, 0x00000000c1d00000, 0x00000000c1e00000|  0%| F|  |TAMS 0x00000000c1d00000, 0x00000000c1d00000| Untracked 
|1054|0x00000000c1e00000, 0x00000000c1e00000, 0x00000000c1f00000|  0%| F|  |TAMS 0x00000000c1e00000, 0x00000000c1e00000| Untracked 
|1055|0x00000000c1f00000, 0x00000000c1f00000, 0x00000000c2000000|  0%| F|  |TAMS 0x00000000c1f00000, 0x00000000c1f00000| Untracked 
|1056|0x00000000c2000000, 0x00000000c2000000, 0x00000000c2100000|  0%| F|  |TAMS 0x00000000c2000000, 0x00000000c2000000| Untracked 
|1057|0x00000000c2100000, 0x00000000c2100000, 0x00000000c2200000|  0%| F|  |TAMS 0x00000000c2100000, 0x00000000c2100000| Untracked 
|1058|0x00000000c2200000, 0x00000000c2200000, 0x00000000c2300000|  0%| F|  |TAMS 0x00000000c2200000, 0x00000000c2200000| Untracked 
|1059|0x00000000c2300000, 0x00000000c2300000, 0x00000000c2400000|  0%| F|  |TAMS 0x00000000c2300000, 0x00000000c2300000| Untracked 
|1060|0x00000000c2400000, 0x00000000c2400000, 0x00000000c2500000|  0%| F|  |TAMS 0x00000000c2400000, 0x00000000c2400000| Untracked 
|1061|0x00000000c2500000, 0x00000000c2500000, 0x00000000c2600000|  0%| F|  |TAMS 0x00000000c2500000, 0x00000000c2500000| Untracked 
|1062|0x00000000c2600000, 0x00000000c2600000, 0x00000000c2700000|  0%| F|  |TAMS 0x00000000c2600000, 0x00000000c2600000| Untracked 
|1063|0x00000000c2700000, 0x00000000c2700000, 0x00000000c2800000|  0%| F|  |TAMS 0x00000000c2700000, 0x00000000c2700000| Untracked 
|1064|0x00000000c2800000, 0x00000000c2800000, 0x00000000c2900000|  0%| F|  |TAMS 0x00000000c2800000, 0x00000000c2800000| Untracked 
|1065|0x00000000c2900000, 0x00000000c2900000, 0x00000000c2a00000|  0%| F|  |TAMS 0x00000000c2900000, 0x00000000c2900000| Untracked 
|1066|0x00000000c2a00000, 0x00000000c2a00000, 0x00000000c2b00000|  0%| F|  |TAMS 0x00000000c2a00000, 0x00000000c2a00000| Untracked 
|1067|0x00000000c2b00000, 0x00000000c2b00000, 0x00000000c2c00000|  0%| F|  |TAMS 0x00000000c2b00000, 0x00000000c2b00000| Untracked 
|1068|0x00000000c2c00000, 0x00000000c2c00000, 0x00000000c2d00000|  0%| F|  |TAMS 0x00000000c2c00000, 0x00000000c2c00000| Untracked 
|1069|0x00000000c2d00000, 0x00000000c2d00000, 0x00000000c2e00000|  0%| F|  |TAMS 0x00000000c2d00000, 0x00000000c2d00000| Untracked 
|1070|0x00000000c2e00000, 0x00000000c2e00000, 0x00000000c2f00000|  0%| F|  |TAMS 0x00000000c2e00000, 0x00000000c2e00000| Untracked 
|1071|0x00000000c2f00000, 0x00000000c2f00000, 0x00000000c3000000|  0%| F|  |TAMS 0x00000000c2f00000, 0x00000000c2f00000| Untracked 
|1072|0x00000000c3000000, 0x00000000c3000000, 0x00000000c3100000|  0%| F|  |TAMS 0x00000000c3000000, 0x00000000c3000000| Untracked 
|1073|0x00000000c3100000, 0x00000000c3100000, 0x00000000c3200000|  0%| F|  |TAMS 0x00000000c3100000, 0x00000000c3100000| Untracked 
|1074|0x00000000c3200000, 0x00000000c3200000, 0x00000000c3300000|  0%| F|  |TAMS 0x00000000c3200000, 0x00000000c3200000| Untracked 
|1075|0x00000000c3300000, 0x00000000c3300000, 0x00000000c3400000|  0%| F|  |TAMS 0x00000000c3300000, 0x00000000c3300000| Untracked 
|1076|0x00000000c3400000, 0x00000000c3400000, 0x00000000c3500000|  0%| F|  |TAMS 0x00000000c3400000, 0x00000000c3400000| Untracked 
|1077|0x00000000c3500000, 0x00000000c3500000, 0x00000000c3600000|  0%| F|  |TAMS 0x00000000c3500000, 0x00000000c3500000| Untracked 
|1078|0x00000000c3600000, 0x00000000c3600000, 0x00000000c3700000|  0%| F|  |TAMS 0x00000000c3600000, 0x00000000c3600000| Untracked 
|1079|0x00000000c3700000, 0x00000000c3700000, 0x00000000c3800000|  0%| F|  |TAMS 0x00000000c3700000, 0x00000000c3700000| Untracked 
|1080|0x00000000c3800000, 0x00000000c38c6038, 0x00000000c3900000| 77%| S|CS|TAMS 0x00000000c3800000, 0x00000000c3800000| Complete 
|1081|0x00000000c3900000, 0x00000000c3a00000, 0x00000000c3a00000|100%| S|CS|TAMS 0x00000000c3900000, 0x00000000c3900000| Complete 
|1082|0x00000000c3a00000, 0x00000000c3b00000, 0x00000000c3b00000|100%| S|CS|TAMS 0x00000000c3a00000, 0x00000000c3a00000| Complete 
|1083|0x00000000c3b00000, 0x00000000c3c00000, 0x00000000c3c00000|100%| S|CS|TAMS 0x00000000c3b00000, 0x00000000c3b00000| Complete 
|1084|0x00000000c3c00000, 0x00000000c3d00000, 0x00000000c3d00000|100%| S|CS|TAMS 0x00000000c3c00000, 0x00000000c3c00000| Complete 
|1085|0x00000000c3d00000, 0x00000000c3e00000, 0x00000000c3e00000|100%| S|CS|TAMS 0x00000000c3d00000, 0x00000000c3d00000| Complete 
|1086|0x00000000c3e00000, 0x00000000c3f00000, 0x00000000c3f00000|100%| S|CS|TAMS 0x00000000c3e00000, 0x00000000c3e00000| Complete 
|1087|0x00000000c3f00000, 0x00000000c3f00000, 0x00000000c4000000|  0%| F|  |TAMS 0x00000000c3f00000, 0x00000000c3f00000| Untracked 
|1088|0x00000000c4000000, 0x00000000c4000000, 0x00000000c4100000|  0%| F|  |TAMS 0x00000000c4000000, 0x00000000c4000000| Untracked 
|1089|0x00000000c4100000, 0x00000000c4100000, 0x00000000c4200000|  0%| F|  |TAMS 0x00000000c4100000, 0x00000000c4100000| Untracked 
|1090|0x00000000c4200000, 0x00000000c4200000, 0x00000000c4300000|  0%| F|  |TAMS 0x00000000c4200000, 0x00000000c4200000| Untracked 
|1091|0x00000000c4300000, 0x00000000c4300000, 0x00000000c4400000|  0%| F|  |TAMS 0x00000000c4300000, 0x00000000c4300000| Untracked 
|1092|0x00000000c4400000, 0x00000000c4400000, 0x00000000c4500000|  0%| F|  |TAMS 0x00000000c4400000, 0x00000000c4400000| Untracked 
|1093|0x00000000c4500000, 0x00000000c4500000, 0x00000000c4600000|  0%| F|  |TAMS 0x00000000c4500000, 0x00000000c4500000| Untracked 
|1094|0x00000000c4600000, 0x00000000c4600000, 0x00000000c4700000|  0%| F|  |TAMS 0x00000000c4600000, 0x00000000c4600000| Untracked 
|1095|0x00000000c4700000, 0x00000000c4700000, 0x00000000c4800000|  0%| F|  |TAMS 0x00000000c4700000, 0x00000000c4700000| Untracked 
|1096|0x00000000c4800000, 0x00000000c4800000, 0x00000000c4900000|  0%| F|  |TAMS 0x00000000c4800000, 0x00000000c4800000| Untracked 
|1097|0x00000000c4900000, 0x00000000c4900000, 0x00000000c4a00000|  0%| F|  |TAMS 0x00000000c4900000, 0x00000000c4900000| Untracked 
|1098|0x00000000c4a00000, 0x00000000c4a00000, 0x00000000c4b00000|  0%| F|  |TAMS 0x00000000c4a00000, 0x00000000c4a00000| Untracked 
|1099|0x00000000c4b00000, 0x00000000c4b00000, 0x00000000c4c00000|  0%| F|  |TAMS 0x00000000c4b00000, 0x00000000c4b00000| Untracked 
|1100|0x00000000c4c00000, 0x00000000c4c00000, 0x00000000c4d00000|  0%| F|  |TAMS 0x00000000c4c00000, 0x00000000c4c00000| Untracked 
|1101|0x00000000c4d00000, 0x00000000c4d00000, 0x00000000c4e00000|  0%| F|  |TAMS 0x00000000c4d00000, 0x00000000c4d00000| Untracked 
|1102|0x00000000c4e00000, 0x00000000c4e00000, 0x00000000c4f00000|  0%| F|  |TAMS 0x00000000c4e00000, 0x00000000c4e00000| Untracked 
|1103|0x00000000c4f00000, 0x00000000c4f00000, 0x00000000c5000000|  0%| F|  |TAMS 0x00000000c4f00000, 0x00000000c4f00000| Untracked 
|1104|0x00000000c5000000, 0x00000000c5000000, 0x00000000c5100000|  0%| F|  |TAMS 0x00000000c5000000, 0x00000000c5000000| Untracked 
|1105|0x00000000c5100000, 0x00000000c5100000, 0x00000000c5200000|  0%| F|  |TAMS 0x00000000c5100000, 0x00000000c5100000| Untracked 
|1106|0x00000000c5200000, 0x00000000c5200000, 0x00000000c5300000|  0%| F|  |TAMS 0x00000000c5200000, 0x00000000c5200000| Untracked 
|1107|0x00000000c5300000, 0x00000000c5300000, 0x00000000c5400000|  0%| F|  |TAMS 0x00000000c5300000, 0x00000000c5300000| Untracked 
|1108|0x00000000c5400000, 0x00000000c5400000, 0x00000000c5500000|  0%| F|  |TAMS 0x00000000c5400000, 0x00000000c5400000| Untracked 
|1109|0x00000000c5500000, 0x00000000c5500000, 0x00000000c5600000|  0%| F|  |TAMS 0x00000000c5500000, 0x00000000c5500000| Untracked 
|1110|0x00000000c5600000, 0x00000000c5600000, 0x00000000c5700000|  0%| F|  |TAMS 0x00000000c5600000, 0x00000000c5600000| Untracked 
|1111|0x00000000c5700000, 0x00000000c5700000, 0x00000000c5800000|  0%| F|  |TAMS 0x00000000c5700000, 0x00000000c5700000| Untracked 
|1112|0x00000000c5800000, 0x00000000c5800000, 0x00000000c5900000|  0%| F|  |TAMS 0x00000000c5800000, 0x00000000c5800000| Untracked 
|1113|0x00000000c5900000, 0x00000000c5900000, 0x00000000c5a00000|  0%| F|  |TAMS 0x00000000c5900000, 0x00000000c5900000| Untracked 
|1114|0x00000000c5a00000, 0x00000000c5a00000, 0x00000000c5b00000|  0%| F|  |TAMS 0x00000000c5a00000, 0x00000000c5a00000| Untracked 
|1115|0x00000000c5b00000, 0x00000000c5b00000, 0x00000000c5c00000|  0%| F|  |TAMS 0x00000000c5b00000, 0x00000000c5b00000| Untracked 
|1116|0x00000000c5c00000, 0x00000000c5c00000, 0x00000000c5d00000|  0%| F|  |TAMS 0x00000000c5c00000, 0x00000000c5c00000| Untracked 
|1117|0x00000000c5d00000, 0x00000000c5d00000, 0x00000000c5e00000|  0%| F|  |TAMS 0x00000000c5d00000, 0x00000000c5d00000| Untracked 
|1118|0x00000000c5e00000, 0x00000000c5e00000, 0x00000000c5f00000|  0%| F|  |TAMS 0x00000000c5e00000, 0x00000000c5e00000| Untracked 
|1362|0x00000000d5200000, 0x00000000d5200000, 0x00000000d5300000|  0%| F|  |TAMS 0x00000000d5200000, 0x00000000d5200000| Untracked 
|1363|0x00000000d5300000, 0x00000000d5300000, 0x00000000d5400000|  0%| F|  |TAMS 0x00000000d5300000, 0x00000000d5300000| Untracked 
|1364|0x00000000d5400000, 0x00000000d5400000, 0x00000000d5500000|  0%| F|  |TAMS 0x00000000d5400000, 0x00000000d5400000| Untracked 
|1365|0x00000000d5500000, 0x00000000d5500000, 0x00000000d5600000|  0%| F|  |TAMS 0x00000000d5500000, 0x00000000d5500000| Untracked 
|1366|0x00000000d5600000, 0x00000000d5600000, 0x00000000d5700000|  0%| F|  |TAMS 0x00000000d5600000, 0x00000000d5600000| Untracked 
|1367|0x00000000d5700000, 0x00000000d5700000, 0x00000000d5800000|  0%| F|  |TAMS 0x00000000d5700000, 0x00000000d5700000| Untracked 
|1368|0x00000000d5800000, 0x00000000d5800000, 0x00000000d5900000|  0%| F|  |TAMS 0x00000000d5800000, 0x00000000d5800000| Untracked 
|1369|0x00000000d5900000, 0x00000000d5900000, 0x00000000d5a00000|  0%| F|  |TAMS 0x00000000d5900000, 0x00000000d5900000| Untracked 
|1370|0x00000000d5a00000, 0x00000000d5a00000, 0x00000000d5b00000|  0%| F|  |TAMS 0x00000000d5a00000, 0x00000000d5a00000| Untracked 
|1371|0x00000000d5b00000, 0x00000000d5b00000, 0x00000000d5c00000|  0%| F|  |TAMS 0x00000000d5b00000, 0x00000000d5b00000| Untracked 
|1372|0x00000000d5c00000, 0x00000000d5c00000, 0x00000000d5d00000|  0%| F|  |TAMS 0x00000000d5c00000, 0x00000000d5c00000| Untracked 
|1373|0x00000000d5d00000, 0x00000000d5d00000, 0x00000000d5e00000|  0%| F|  |TAMS 0x00000000d5d00000, 0x00000000d5d00000| Untracked 
|1374|0x00000000d5e00000, 0x00000000d5e00000, 0x00000000d5f00000|  0%| F|  |TAMS 0x00000000d5e00000, 0x00000000d5e00000| Untracked 
|1375|0x00000000d5f00000, 0x00000000d5f00000, 0x00000000d6000000|  0%| F|  |TAMS 0x00000000d5f00000, 0x00000000d5f00000| Untracked 
|1376|0x00000000d6000000, 0x00000000d6000000, 0x00000000d6100000|  0%| F|  |TAMS 0x00000000d6000000, 0x00000000d6000000| Untracked 
|1377|0x00000000d6100000, 0x00000000d6100000, 0x00000000d6200000|  0%| F|  |TAMS 0x00000000d6100000, 0x00000000d6100000| Untracked 
|1378|0x00000000d6200000, 0x00000000d6200000, 0x00000000d6300000|  0%| F|  |TAMS 0x00000000d6200000, 0x00000000d6200000| Untracked 

Card table byte_map: [0x000001fdce9a0000,0x000001fdceda0000] _byte_map_base: 0x000001fdce5a0000

Marking Bits (Prev, Next): (CMBitMap*) 0x000001fdb779aa30, (CMBitMap*) 0x000001fdb779aa70
 Prev Bits: [0x000001fdcf1a0000, 0x000001fdd11a0000)
 Next Bits: [0x000001fdd11a0000, 0x000001fdd31a0000)

Polling page: 0x000001fdb5790000

Metaspace:

Usage:
  Non-class:    228.67 MB used.
      Class:     34.34 MB used.
       Both:    263.01 MB used.

Virtual space:
  Non-class space:      256.00 MB reserved,     230.19 MB ( 90%) committed,  4 nodes.
      Class space:      416.00 MB reserved,      35.75 MB (  9%) committed,  1 nodes.
             Both:      672.00 MB reserved,     265.94 MB ( 40%) committed. 

Chunk freelists:
   Non-Class:  9.75 MB
       Class:  12.14 MB
        Both:  21.89 MB

MaxMetaspaceSize: 512.00 MB
CompressedClassSpaceSize: 416.00 MB
Initial GC threshold: 21.00 MB
Current GC threshold: 439.38 MB
CDS: on
MetaspaceReclaimPolicy: balanced
 - commit_granule_bytes: 65536.
 - commit_granule_words: 8192.
 - virtual_space_node_default_size: 8388608.
 - enlarge_chunks_in_place: 1.
 - new_chunks_are_fully_committed: 0.
 - uncommit_free_chunks: 1.
 - use_allocation_guard: 0.
 - handle_deallocations: 1.


Internal statistics:

num_allocs_failed_limit: 15.
num_arena_births: 9484.
num_arena_deaths: 4110.
num_vsnodes_births: 5.
num_vsnodes_deaths: 0.
num_space_committed: 4315.
num_space_uncommitted: 64.
num_chunks_returned_to_freelist: 6016.
num_chunks_taken_from_freelist: 24756.
num_chunk_merges: 1645.
num_chunk_splits: 13377.
num_chunks_enlarged: 7193.
num_inconsistent_stats: 0.

CodeHeap 'non-profiled nmethods': size=120000Kb used=67228Kb max_used=67228Kb free=52771Kb
 bounds [0x000001fdc6d40000, 0x000001fdcaef0000, 0x000001fdce270000]
CodeHeap 'profiled nmethods': size=120000Kb used=96700Kb max_used=96705Kb free=23299Kb
 bounds [0x000001fdbf270000, 0x000001fdc5100000, 0x000001fdc67a0000]
CodeHeap 'non-nmethods': size=5760Kb used=2628Kb max_used=2735Kb free=3131Kb
 bounds [0x000001fdc67a0000, 0x000001fdc6a60000, 0x000001fdc6d40000]
 total_blobs=52351 nmethods=51162 adapters=1098
 compilation: enabled
              stopped_count=0, restarted_count=0
 full_count=0

Compilation events (20 events):
Event: 18352.159 Thread 0x000001fdd5bf3ff0 nmethod 72797 0x000001fdcaee1610 code [0x000001fdcaee1860, 0x000001fdcaee22b0]
Event: 18352.159 Thread 0x000001fdd5bf3ff0 72796       4       com.android.tools.r8.graph.I4::a (167 bytes)
Event: 18352.178 Thread 0x000001fdd5bf3ff0 nmethod 72796 0x000001fdcaee2b10 code [0x000001fdcaee2d60, 0x000001fdcaee3af0]
Event: 18352.178 Thread 0x000001fdd5bf3ff0 72795       4       com.android.tools.r8.graph.L4$$Lambda$8490/0x000001fdd93c2cc8::accept (20 bytes)
Event: 18352.185 Thread 0x000001fdd5bf3ff0 nmethod 72795 0x000001fdcaee4510 code [0x000001fdcaee4720, 0x000001fdcaee4b70]
Event: 18352.185 Thread 0x000001fdd5bf3ff0 72767       4       com.android.tools.r8.internal.iq0::a (60 bytes)
Event: 18352.188 Thread 0x000001fdd5bf3ff0 nmethod 72767 0x000001fdcaee5110 code [0x000001fdcaee52c0, 0x000001fdcaee5508]
Event: 18352.197 Thread 0x000001fdd5bf3ff0 72798       4       com.android.tools.r8.internal.iq0$$Lambda$8487/0x000001fdd93c1ae0::<init> (15 bytes)
Event: 18352.199 Thread 0x000001fdd5bf3ff0 nmethod 72798 0x000001fdcaee5790 code [0x000001fdcaee5900, 0x000001fdcaee5b38]
Event: 18352.199 Thread 0x000001fdd5bf3ff0 72799       4       com.android.tools.r8.graph.m3::a (27 bytes)
Event: 18352.201 Thread 0x000001fdd5bf3ff0 nmethod 72799 0x000001fdcaee5b90 code [0x000001fdcaee5d00, 0x000001fdcaee5e38]
Event: 18352.217 Thread 0x000001fdd5bf3ff0 72800       4       com.android.tools.r8.graph.m3::c (25 bytes)
Event: 18352.219 Thread 0x000001fdd5bf3ff0 nmethod 72800 0x000001fdcaee5e90 code [0x000001fdcaee6020, 0x000001fdcaee6198]
Event: 18352.242 Thread 0x000001fdd5bf3ff0 72801       4       com.android.tools.r8.graph.p3$$Lambda$8726/0x000001fdd93f9c68::accept (20 bytes)
Event: 18352.254 Thread 0x000001fdd5bf3ff0 nmethod 72801 0x000001fdcaee6290 code [0x000001fdcaee6440, 0x000001fdcaee6db8]
Event: 18352.254 Thread 0x000001fdd5bf3ff0 72803       4       com.android.tools.r8.internal.iq0::a (663 bytes)
Event: 18352.402 Thread 0x000001fdd5bf4aa0 72807       3       com.android.tools.r8.graph.L4::<init> (15 bytes)
Event: 18352.402 Thread 0x000001fdd5bf4aa0 nmethod 72807 0x000001fdc0fcdf10 code [0x000001fdc0fce0c0, 0x000001fdc0fce2f8]
Event: 18352.411 Thread 0x000001fdd5bf4aa0 72808       3       com.android.tools.r8.graph.S0::hashCode (11 bytes)
Event: 18352.412 Thread 0x000001fdd5bf4aa0 nmethod 72808 0x000001fdc102f090 code [0x000001fdc102f280, 0x000001fdc102f898]

GC Heap History (20 events):
Event: 18213.433 GC heap after
{Heap after GC invocations=283 (full 1):
 garbage-first heap   total 1163264K, used 373129K [0x0000000080000000, 0x0000000100000000)
  region size 1024K, 13 young (13312K), 13 survivors (13312K)
 Metaspace       used 263018K, committed 268480K, reserved 688128K
  class space    used 34462K, committed 36608K, reserved 425984K
}
Event: 18232.027 GC heap before
{Heap before GC invocations=284 (full 1):
 garbage-first heap   total 1163264K, used 631177K [0x0000000080000000, 0x0000000100000000)
  region size 1024K, 253 young (259072K), 13 survivors (13312K)
 Metaspace       used 265708K, committed 269248K, reserved 688128K
  class space    used 34695K, committed 36608K, reserved 425984K
}
Event: 18232.115 GC heap after
{Heap after GC invocations=285 (full 1):
 garbage-first heap   total 1163264K, used 359062K [0x0000000080000000, 0x0000000100000000)
  region size 1024K, 14 young (14336K), 14 survivors (14336K)
 Metaspace       used 265708K, committed 269248K, reserved 688128K
  class space    used 34695K, committed 36608K, reserved 425984K
}
Event: 18236.971 GC heap before
{Heap before GC invocations=285 (full 1):
 garbage-first heap   total 1163264K, used 407190K [0x0000000080000000, 0x0000000100000000)
  region size 1024K, 56 young (57344K), 14 survivors (14336K)
 Metaspace       used 266090K, committed 269568K, reserved 688128K
  class space    used 34730K, committed 36608K, reserved 425984K
}
Event: 18237.256 GC heap after
{Heap after GC invocations=286 (full 1):
 garbage-first heap   total 1163264K, used 314165K [0x0000000080000000, 0x0000000100000000)
  region size 1024K, 6 young (6144K), 6 survivors (6144K)
 Metaspace       used 266090K, committed 269568K, reserved 688128K
  class space    used 34730K, committed 36608K, reserved 425984K
}
Event: 18245.092 GC heap before
{Heap before GC invocations=286 (full 1):
 garbage-first heap   total 1163264K, used 370485K [0x0000000080000000, 0x0000000100000000)
  region size 1024K, 56 young (57344K), 6 survivors (6144K)
 Metaspace       used 266379K, committed 269824K, reserved 688128K
  class space    used 34751K, committed 36608K, reserved 425984K
}
Event: 18245.170 GC heap after
{Heap after GC invocations=287 (full 1):
 garbage-first heap   total 1163264K, used 315442K [0x0000000080000000, 0x0000000100000000)
  region size 1024K, 5 young (5120K), 5 survivors (5120K)
 Metaspace       used 266379K, committed 269824K, reserved 688128K
  class space    used 34751K, committed 36608K, reserved 425984K
}
Event: 18246.576 GC heap before
{Heap before GC invocations=287 (full 1):
 garbage-first heap   total 1163264K, used 355378K [0x0000000080000000, 0x0000000100000000)
  region size 1024K, 45 young (46080K), 5 survivors (5120K)
 Metaspace       used 266418K, committed 269824K, reserved 688128K
  class space    used 34751K, committed 36608K, reserved 425984K
}
Event: 18246.671 GC heap after
{Heap after GC invocations=288 (full 1):
 garbage-first heap   total 1163264K, used 311098K [0x0000000080000000, 0x0000000100000000)
  region size 1024K, 2 young (2048K), 2 survivors (2048K)
 Metaspace       used 266418K, committed 269824K, reserved 688128K
  class space    used 34751K, committed 36608K, reserved 425984K
}
Event: 18300.846 GC heap before
{Heap before GC invocations=289 (full 1):
 garbage-first heap   total 1163264K, used 875322K [0x0000000080000000, 0x0000000100000000)
  region size 1024K, 496 young (507904K), 2 survivors (2048K)
 Metaspace       used 268310K, committed 271488K, reserved 688128K
  class space    used 34977K, committed 36608K, reserved 425984K
}
Event: 18305.295 GC heap after
{Heap after GC invocations=290 (full 1):
 garbage-first heap   total 1163264K, used 373700K [0x0000000080000000, 0x0000000100000000)
  region size 1024K, 35 young (35840K), 35 survivors (35840K)
 Metaspace       used 268310K, committed 271488K, reserved 688128K
  class space    used 34977K, committed 36608K, reserved 425984K
}
Event: 18313.550 GC heap before
{Heap before GC invocations=290 (full 1):
 garbage-first heap   total 1163264K, used 396228K [0x0000000080000000, 0x0000000100000000)
  region size 1024K, 56 young (57344K), 35 survivors (35840K)
 Metaspace       used 268443K, committed 271616K, reserved 688128K
  class space    used 35010K, committed 36608K, reserved 425984K
}
Event: 18315.074 GC heap after
{Heap after GC invocations=291 (full 1):
 garbage-first heap   total 1163264K, used 377295K [0x0000000080000000, 0x0000000100000000)
  region size 1024K, 7 young (7168K), 7 survivors (7168K)
 Metaspace       used 268443K, committed 271616K, reserved 688128K
  class space    used 35010K, committed 36608K, reserved 425984K
}
Event: 18342.859 GC heap before
{Heap before GC invocations=291 (full 1):
 garbage-first heap   total 1163264K, used 426447K [0x0000000080000000, 0x0000000100000000)
  region size 1024K, 56 young (57344K), 7 survivors (7168K)
 Metaspace       used 268860K, committed 272000K, reserved 688128K
  class space    used 35070K, committed 36608K, reserved 425984K
}
Event: 18343.469 GC heap after
{Heap after GC invocations=292 (full 1):
 garbage-first heap   total 1163264K, used 398033K [0x0000000080000000, 0x0000000100000000)
  region size 1024K, 7 young (7168K), 7 survivors (7168K)
 Metaspace       used 268860K, committed 272000K, reserved 688128K
  class space    used 35070K, committed 36608K, reserved 425984K
}
Event: 18343.925 GC heap before
{Heap before GC invocations=292 (full 1):
 garbage-first heap   total 1163264K, used 448209K [0x0000000080000000, 0x0000000100000000)
  region size 1024K, 56 young (57344K), 7 survivors (7168K)
 Metaspace       used 268868K, committed 272000K, reserved 688128K
  class space    used 35070K, committed 36608K, reserved 425984K
}
Event: 18344.143 GC heap after
{Heap after GC invocations=293 (full 1):
 garbage-first heap   total 1163264K, used 422877K [0x0000000080000000, 0x0000000100000000)
  region size 1024K, 7 young (7168K), 7 survivors (7168K)
 Metaspace       used 268868K, committed 272000K, reserved 688128K
  class space    used 35070K, committed 36608K, reserved 425984K
}
Event: 18345.396 GC heap before
{Heap before GC invocations=293 (full 1):
 garbage-first heap   total 1163264K, used 473053K [0x0000000080000000, 0x0000000100000000)
  region size 1024K, 56 young (57344K), 7 survivors (7168K)
 Metaspace       used 268913K, committed 272000K, reserved 688128K
  class space    used 35070K, committed 36608K, reserved 425984K
}
Event: 18345.541 GC heap after
{Heap after GC invocations=294 (full 1):
 garbage-first heap   total 1163264K, used 446429K [0x0000000080000000, 0x0000000100000000)
  region size 1024K, 7 young (7168K), 7 survivors (7168K)
 Metaspace       used 268913K, committed 272000K, reserved 688128K
  class space    used 35070K, committed 36608K, reserved 425984K
}
Event: 18352.665 GC heap before
{Heap before GC invocations=294 (full 1):
 garbage-first heap   total 1163264K, used 495581K [0x0000000080000000, 0x0000000100000000)
  region size 1024K, 56 young (57344K), 7 survivors (7168K)
 Metaspace       used 269324K, committed 272320K, reserved 688128K
  class space    used 35162K, committed 36608K, reserved 425984K
}

Dll operation events (16 events):
Event: 0.009 Loaded shared library C:\Program Files\Microsoft\jdk-17.0.13.11-hotspot\bin\java.dll
Event: 0.024 Loaded shared library C:\Program Files\Microsoft\jdk-17.0.13.11-hotspot\bin\jsvml.dll
Event: 0.055 Loaded shared library C:\Program Files\Microsoft\jdk-17.0.13.11-hotspot\bin\zip.dll
Event: 0.057 Loaded shared library C:\Program Files\Microsoft\jdk-17.0.13.11-hotspot\bin\instrument.dll
Event: 0.060 Loaded shared library C:\Program Files\Microsoft\jdk-17.0.13.11-hotspot\bin\net.dll
Event: 0.061 Loaded shared library C:\Program Files\Microsoft\jdk-17.0.13.11-hotspot\bin\nio.dll
Event: 0.062 Loaded shared library C:\Program Files\Microsoft\jdk-17.0.13.11-hotspot\bin\zip.dll
Event: 0.241 Loaded shared library C:\Program Files\Microsoft\jdk-17.0.13.11-hotspot\bin\jimage.dll
Event: 0.360 Loaded shared library C:\Program Files\Microsoft\jdk-17.0.13.11-hotspot\bin\verify.dll
Event: 0.512 Loaded shared library C:\Users\hp\.gradle\native\c067742578af261105cb4f569cf0c3c89f3d7b1fecec35dd04571415982c5e48\windows-amd64\native-platform.dll
Event: 0.521 Loaded shared library C:\Users\hp\.gradle\native\100fb08df4bc3b14c8652ba06237920a3bd2aa13389f12d3474272988ae205f9\windows-amd64\native-platform-file-events.dll
Event: 1.274 Loaded shared library C:\Program Files\Microsoft\jdk-17.0.13.11-hotspot\bin\management.dll
Event: 1.275 Loaded shared library C:\Program Files\Microsoft\jdk-17.0.13.11-hotspot\bin\management_ext.dll
Event: 1.418 Loaded shared library C:\Program Files\Microsoft\jdk-17.0.13.11-hotspot\bin\extnet.dll
Event: 1.608 Loaded shared library C:\Program Files\Microsoft\jdk-17.0.13.11-hotspot\bin\sunmscapi.dll
Event: 270.011 Loaded shared library C:\Program Files\Microsoft\jdk-17.0.13.11-hotspot\bin\rmi.dll

Deoptimization events (20 events):
Event: 18351.049 Thread 0x000001fd84d2e3f0 Uncommon trap: trap_request=0xffffffde fr.pc=0x000001fdcaeb21ec relative=0x0000000000000b0c
Event: 18351.049 Thread 0x000001fd84d2e3f0 Uncommon trap: reason=class_check action=maybe_recompile pc=0x000001fdcaeb21ec method=com.android.tools.r8.internal.Re.b(Ljava/util/function/Function;Lcom/android/tools/r8/internal/fo0;Lcom/android/tools/r8/internal/go0;)Lcom/android/tools/r8/internal/ko0
Event: 18351.049 Thread 0x000001fd84d2e3f0 DEOPT PACKING pc=0x000001fdcaeb21ec sp=0x00000008bf4fccb0
Event: 18351.050 Thread 0x000001fd84d2e3f0 DEOPT UNPACKING pc=0x000001fdc67f69a3 sp=0x00000008bf4fcc50 mode 2
Event: 18351.050 Thread 0x000001fd84d2e3f0 Uncommon trap: trap_request=0xffffff76 fr.pc=0x000001fdcaea75e4 relative=0x00000000000003e4
Event: 18351.050 Thread 0x000001fd84d2e3f0 Uncommon trap: reason=predicate action=maybe_recompile pc=0x000001fdcaea75e4 method=com.android.tools.r8.internal.Se.a(Ljava/util/Iterator;Ljava/util/Iterator;Lcom/android/tools/r8/internal/fo0;)I @ 5 c2
Event: 18351.055 Thread 0x000001fd84d2e3f0 DEOPT PACKING pc=0x000001fdcaea75e4 sp=0x00000008bf4fcc10
Event: 18351.055 Thread 0x000001fd84d2e3f0 DEOPT UNPACKING pc=0x000001fdc67f69a3 sp=0x00000008bf4fcbd8 mode 2
Event: 18351.060 Thread 0x000001fd84d2e3f0 Uncommon trap: trap_request=0xffffffde fr.pc=0x000001fdcaeb21ec relative=0x0000000000000b0c
Event: 18351.060 Thread 0x000001fd84d2e3f0 Uncommon trap: reason=class_check action=maybe_recompile pc=0x000001fdcaeb21ec method=com.android.tools.r8.internal.Re.b(Ljava/util/function/Function;Lcom/android/tools/r8/internal/fo0;Lcom/android/tools/r8/internal/go0;)Lcom/android/tools/r8/internal/ko0
Event: 18351.060 Thread 0x000001fd84d2e3f0 DEOPT PACKING pc=0x000001fdcaeb21ec sp=0x00000008bf4fccb0
Event: 18351.060 Thread 0x000001fd84d2e3f0 DEOPT UNPACKING pc=0x000001fdc67f69a3 sp=0x00000008bf4fcc50 mode 2
Event: 18351.060 Thread 0x000001fd84d2e3f0 Uncommon trap: trap_request=0xffffffde fr.pc=0x000001fdcaeb21ec relative=0x0000000000000b0c
Event: 18351.060 Thread 0x000001fd84d2e3f0 Uncommon trap: reason=class_check action=maybe_recompile pc=0x000001fdcaeb21ec method=com.android.tools.r8.internal.Re.b(Ljava/util/function/Function;Lcom/android/tools/r8/internal/fo0;Lcom/android/tools/r8/internal/go0;)Lcom/android/tools/r8/internal/ko0
Event: 18351.060 Thread 0x000001fd84d2e3f0 DEOPT PACKING pc=0x000001fdcaeb21ec sp=0x00000008bf4fccb0
Event: 18351.060 Thread 0x000001fd84d2e3f0 DEOPT UNPACKING pc=0x000001fdc67f69a3 sp=0x00000008bf4fcc50 mode 2
Event: 18351.062 Thread 0x000001fd84d2e3f0 Uncommon trap: trap_request=0xffffffde fr.pc=0x000001fdcaeb21ec relative=0x0000000000000b0c
Event: 18351.062 Thread 0x000001fd84d2e3f0 Uncommon trap: reason=class_check action=maybe_recompile pc=0x000001fdcaeb21ec method=com.android.tools.r8.internal.Re.b(Ljava/util/function/Function;Lcom/android/tools/r8/internal/fo0;Lcom/android/tools/r8/internal/go0;)Lcom/android/tools/r8/internal/ko0
Event: 18351.062 Thread 0x000001fd84d2e3f0 DEOPT PACKING pc=0x000001fdcaeb21ec sp=0x00000008bf4fcf30
Event: 18351.062 Thread 0x000001fd84d2e3f0 DEOPT UNPACKING pc=0x000001fdc67f69a3 sp=0x00000008bf4fced0 mode 2

Classes loaded (20 events):
Event: 6892.404 Loading class java/lang/IntegerCustomizer
Event: 6892.406 Loading class java/lang/IntegerCustomizer done
Event: 6892.413 Loading class java/lang/IntegerCustomizer
Event: 6892.413 Loading class java/lang/IntegerCustomizer done
Event: 16277.542 Loading class java/lang/Throwable$PrintStreamOrWriter
Event: 16277.543 Loading class java/lang/Throwable$PrintStreamOrWriter done
Event: 16277.606 Loading class java/util/Collections$EmptyListIterator
Event: 16277.606 Loading class java/util/Collections$EmptyListIterator done
Event: 16277.654 Loading class java/net/UrlDeserializedState
Event: 16277.654 Loading class java/net/UrlDeserializedState done
Event: 16277.666 Loading class java/lang/Throwable$WrappedPrintWriter
Event: 16277.667 Loading class java/lang/Throwable$WrappedPrintWriter done
Event: 16298.878 Loading class java/beans/ParameterDescriptor
Event: 16298.879 Loading class java/beans/ParameterDescriptor done
Event: 16696.409 Loading class java/text/FieldPosition$Delegate
Event: 16696.410 Loading class java/text/FieldPosition$Delegate done
Event: 17100.601 Loading class sun/nio/cs/ISO_8859_1$Encoder
Event: 17100.612 Loading class sun/nio/cs/ISO_8859_1$Encoder done
Event: 18213.100 Loading class com/sun/org/apache/xerces/internal/xni/grammars/XMLGrammarPool
Event: 18213.105 Loading class com/sun/org/apache/xerces/internal/xni/grammars/XMLGrammarPool done

Classes unloaded (20 events):
Event: 18250.719 Thread 0x000001fdd5bcdee0 Unloading class 0x000001fdd8cfe000 'jdk/internal/jimage/ImageHeader'
Event: 18250.719 Thread 0x000001fdd5bcdee0 Unloading class 0x000001fdd8dc1dc8 'jdk/internal/jimage/BasicImageReader$2'
Event: 18250.719 Thread 0x000001fdd5bcdee0 Unloading class 0x000001fdd8dc1b98 'jdk/internal/jimage/BasicImageReader$1'
Event: 18250.719 Thread 0x000001fdd5bcdee0 Unloading class 0x000001fdd8dc1930 'jdk/internal/jimage/ImageReader$Resource'
Event: 18250.719 Thread 0x000001fdd5bcdee0 Unloading class 0x000001fdd8dc16c8 'jdk/internal/jimage/ImageReader$LinkNode'
Event: 18250.719 Thread 0x000001fdd5bcdee0 Unloading class 0x000001fdd8dc1460 'jdk/internal/jimage/ImageReader$Directory'
Event: 18250.719 Thread 0x000001fdd5bcdee0 Unloading class 0x000001fdd8dc11f8 'jdk/internal/jimage/ImageReader$Node'
Event: 18250.719 Thread 0x000001fdd5bcdee0 Unloading class 0x000001fdd8dc1000 'jdk/internal/jimage/ImageStrings'
Event: 18250.719 Thread 0x000001fdd5bcdee0 Unloading class 0x000001fdd8ebbb70 'jdk/internal/jimage/ImageReader$SharedImageReader'
Event: 18250.720 Thread 0x000001fdd5bcdee0 Unloading class 0x000001fdd8ebb8b0 'jdk/internal/jimage/BasicImageReader'
Event: 18250.720 Thread 0x000001fdd5bcdee0 Unloading class 0x000001fdd8ebb690 'jdk/internal/jimage/ImageReader'
Event: 18250.721 Thread 0x000001fdd5bcdee0 Unloading class 0x000001fdd8ebb468 'jdk/internal/jrtfs/SystemImage$2'
Event: 18250.721 Thread 0x000001fdd5bcdee0 Unloading class 0x000001fdd8ec05d8 'jdk/internal/jrtfs/SystemImage$$Lambda$8531+0x000001fdd8ec05d8'
Event: 18250.722 Thread 0x000001fdd5bcdee0 Unloading class 0x000001fdd8ebb238 'jdk/internal/jrtfs/ExplodedImage'
Event: 18250.722 Thread 0x000001fdd5bcdee0 Unloading class 0x000001fdd8ebb000 'jdk/internal/jrtfs/SystemImage$1'
Event: 18250.722 Thread 0x000001fdd5bcdee0 Unloading class 0x000001fdd8ed95d8 'jdk/internal/jrtfs/SystemImage'
Event: 18250.722 Thread 0x000001fdd5bcdee0 Unloading class 0x000001fdd8ec0378 'jdk/internal/jrtfs/JrtFileStore'
Event: 18250.723 Thread 0x000001fdd5bcdee0 Unloading class 0x000001fdd8ec0000 'jdk/internal/jrtfs/JrtPath'
Event: 18250.724 Thread 0x000001fdd5bcdee0 Unloading class 0x000001fdd8ed92e0 'jdk/internal/jrtfs/JrtFileSystem'
Event: 18250.725 Thread 0x000001fdd5bcdee0 Unloading class 0x000001fdd8ed9000 'jdk/internal/jrtfs/JrtFileSystemProvider'

Classes redefined (0 events):
No events

Internal exceptions (20 events):
Event: 18279.802 Thread 0x000001fdfbda3290 Exception <a 'sun/nio/fs/WindowsException'{0x00000000ac892798}> (0x00000000ac892798) 
thrown [s\src\hotspot\share\prims\jni.cpp, line 516]
Event: 18279.815 Thread 0x000001fdfbda3290 Exception <a 'sun/nio/fs/WindowsException'{0x00000000ac8d92c8}> (0x00000000ac8d92c8) 
thrown [s\src\hotspot\share\prims\jni.cpp, line 516]
Event: 18279.832 Thread 0x000001fdfbda3290 Exception <a 'sun/nio/fs/WindowsException'{0x00000000ac8e0418}> (0x00000000ac8e0418) 
thrown [s\src\hotspot\share\prims\jni.cpp, line 516]
Event: 18279.843 Thread 0x000001fdfbda3290 Exception <a 'sun/nio/fs/WindowsException'{0x00000000ac8e7948}> (0x00000000ac8e7948) 
thrown [s\src\hotspot\share\prims\jni.cpp, line 516]
Event: 18279.866 Thread 0x000001fdfbda3290 Exception <a 'sun/nio/fs/WindowsException'{0x00000000ac8ede50}> (0x00000000ac8ede50) 
thrown [s\src\hotspot\share\prims\jni.cpp, line 516]
Event: 18279.941 Thread 0x000001fdfbda3290 Exception <a 'sun/nio/fs/WindowsException'{0x00000000ac6415f8}> (0x00000000ac6415f8) 
thrown [s\src\hotspot\share\prims\jni.cpp, line 516]
Event: 18279.958 Thread 0x000001fdfbda3290 Exception <a 'sun/nio/fs/WindowsException'{0x00000000ac646e08}> (0x00000000ac646e08) 
thrown [s\src\hotspot\share\prims\jni.cpp, line 516]
Event: 18280.006 Thread 0x000001fdfbda3290 Exception <a 'sun/nio/fs/WindowsException'{0x00000000ac6e6608}> (0x00000000ac6e6608) 
thrown [s\src\hotspot\share\prims\jni.cpp, line 516]
Event: 18280.023 Thread 0x000001fdfbda3290 Exception <a 'sun/nio/fs/WindowsException'{0x00000000ac6ec518}> (0x00000000ac6ec518) 
thrown [s\src\hotspot\share\prims\jni.cpp, line 516]
Event: 18280.035 Thread 0x000001fdfbda3290 Exception <a 'sun/nio/fs/WindowsException'{0x00000000ac6f44f8}> (0x00000000ac6f44f8) 
thrown [s\src\hotspot\share\prims\jni.cpp, line 516]
Event: 18280.055 Thread 0x000001fdfbda3290 Exception <a 'sun/nio/fs/WindowsException'{0x00000000ac6fb6f8}> (0x00000000ac6fb6f8) 
thrown [s\src\hotspot\share\prims\jni.cpp, line 516]
Event: 18280.074 Thread 0x000001fdfbda3290 Exception <a 'sun/nio/fs/WindowsException'{0x00000000ac5c8078}> (0x00000000ac5c8078) 
thrown [s\src\hotspot\share\prims\jni.cpp, line 516]
Event: 18280.091 Thread 0x000001fdfbda3290 Exception <a 'sun/nio/fs/WindowsException'{0x00000000ac5d1900}> (0x00000000ac5d1900) 
thrown [s\src\hotspot\share\prims\jni.cpp, line 516]
Event: 18280.099 Thread 0x000001fdfbda3290 Exception <a 'sun/nio/fs/WindowsException'{0x00000000ac4e9590}> (0x00000000ac4e9590) 
thrown [s\src\hotspot\share\prims\jni.cpp, line 516]
Event: 18280.137 Thread 0x000001fdfbda3290 Exception <a 'sun/nio/fs/WindowsException'{0x00000000ac4eef80}> (0x00000000ac4eef80) 
thrown [s\src\hotspot\share\prims\jni.cpp, line 516]
Event: 18280.151 Thread 0x000001fdfbda3290 Exception <a 'sun/nio/fs/WindowsException'{0x00000000ac268bf8}> (0x00000000ac268bf8) 
thrown [s\src\hotspot\share\prims\jni.cpp, line 516]
Event: 18280.187 Thread 0x000001fdfbda3290 Exception <a 'sun/nio/fs/WindowsException'{0x00000000ac2dfac8}> (0x00000000ac2dfac8) 
thrown [s\src\hotspot\share\prims\jni.cpp, line 516]
Event: 18280.197 Thread 0x000001fdfbda3290 Exception <a 'sun/nio/fs/WindowsException'{0x00000000ac2e77a8}> (0x00000000ac2e77a8) 
thrown [s\src\hotspot\share\prims\jni.cpp, line 516]
Event: 18280.261 Thread 0x000001fdfbda3290 Exception <a 'sun/nio/fs/WindowsException'{0x00000000ac080fc0}> (0x00000000ac080fc0) 
thrown [s\src\hotspot\share\prims\jni.cpp, line 516]
Event: 18280.286 Thread 0x000001fdfbda3290 Exception <a 'sun/nio/fs/WindowsException'{0x00000000ac0c9ff0}> (0x00000000ac0c9ff0) 
thrown [s\src\hotspot\share\prims\jni.cpp, line 516]

VM Operations (20 events):
Event: 18342.694 Executing VM operation: HandshakeAllThreads done
Event: 18342.824 Executing VM operation: G1CollectForAllocation
Event: 18343.469 Executing VM operation: G1CollectForAllocation done
Event: 18343.916 Executing VM operation: G1CollectForAllocation
Event: 18344.143 Executing VM operation: G1CollectForAllocation done
Event: 18344.756 Executing VM operation: HandshakeAllThreads
Event: 18344.761 Executing VM operation: HandshakeAllThreads done
Event: 18345.392 Executing VM operation: G1CollectForAllocation
Event: 18345.542 Executing VM operation: G1CollectForAllocation done
Event: 18347.542 Executing VM operation: Cleanup
Event: 18347.598 Executing VM operation: Cleanup done
Event: 18348.598 Executing VM operation: Cleanup
Event: 18348.650 Executing VM operation: Cleanup done
Event: 18350.651 Executing VM operation: Cleanup
Event: 18350.654 Executing VM operation: Cleanup done
Event: 18351.655 Executing VM operation: Cleanup
Event: 18351.660 Executing VM operation: Cleanup done
Event: 18352.660 Executing VM operation: Cleanup
Event: 18352.661 Executing VM operation: Cleanup done
Event: 18352.662 Executing VM operation: G1CollectForAllocation

Memory protections (0 events):
No events

Nmethod flushes (20 events):
Event: 18292.986 Thread 0x000001fdd5bf9c60 flushing  nmethod 0x000001fdc4f8f010
Event: 18292.986 Thread 0x000001fdd5bf9c60 flushing  nmethod 0x000001fdc4f92410
Event: 18292.990 Thread 0x000001fdd5bf9c60 flushing  nmethod 0x000001fdc4fa7590
Event: 18292.990 Thread 0x000001fdd5bf9c60 flushing  nmethod 0x000001fdc4faba10
Event: 18292.991 Thread 0x000001fdd5bf9c60 flushing  nmethod 0x000001fdc4fae990
Event: 18292.991 Thread 0x000001fdd5bf9c60 flushing  nmethod 0x000001fdc4fb0190
Event: 18292.991 Thread 0x000001fdd5bf9c60 flushing  nmethod 0x000001fdc4fb1390
Event: 18292.996 Thread 0x000001fdd5bf9c60 flushing  nmethod 0x000001fdc4fb5a10
Event: 18293.013 Thread 0x000001fdd5bf9c60 flushing  nmethod 0x000001fdc4fcba10
Event: 18293.053 Thread 0x000001fdd5bf9c60 flushing  nmethod 0x000001fdc5005b90
Event: 18350.464 Thread 0x000001fdd5bf9c60 flushing  nmethod 0x000001fdbf463510
Event: 18351.003 Thread 0x000001fdd5bf9c60 flushing  nmethod 0x000001fdbf970790
Event: 18351.569 Thread 0x000001fdd5bf9c60 flushing  nmethod 0x000001fdc0459190
Event: 18351.805 Thread 0x000001fdd5bf9c60 flushing  nmethod 0x000001fdc095c010
Event: 18351.806 Thread 0x000001fdd5bf9c60 flushing  nmethod 0x000001fdc095c610
Event: 18351.840 Thread 0x000001fdd5bf9c60 flushing  nmethod 0x000001fdc0abfb90
Event: 18351.857 Thread 0x000001fdd5bf9c60 flushing  nmethod 0x000001fdc0b51210
Event: 18352.072 Thread 0x000001fdd5bf9c60 flushing  nmethod 0x000001fdc0fcdf10
Event: 18352.082 Thread 0x000001fdd5bf9c60 flushing  nmethod 0x000001fdc102e090
Event: 18352.341 Thread 0x000001fdd5bf9c60 flushing  nmethod 0x000001fdc1766110

Events (20 events):
Event: 18262.453 Thread 0x000001fd84d2ee10 Thread added: 0x000001fdfe9334c0
Event: 18262.722 Thread 0x000001fd8c5bdfa0 Thread added: 0x000001fd8ac31520
Event: 18262.874 Thread 0x000001fdfbda6530 Thread added: 0x000001fd84d2e3f0
Event: 18263.005 Thread 0x000001fdf61ea9b0 Thread added: 0x000001fdfe932fb0
Event: 18263.388 Thread 0x000001fdfc04f8a0 Thread exited: 0x000001fdfc04f8a0
Event: 18265.465 Thread 0x000001fdfe0a6db0 Thread exited: 0x000001fdfe0a6db0
Event: 18311.931 Thread 0x000001fd84d2e3f0 Thread added: 0x000001fdfa02adf0
Event: 18311.979 Thread 0x000001fdfa02adf0 Thread added: 0x000001fdfc0465d0
Event: 18312.582 Thread 0x000001fdfc0465d0 Thread added: 0x000001fd8c5bc300
Event: 18312.661 Thread 0x000001fd8c5bc300 Thread added: 0x000001fdfc046ff0
Event: 18312.771 Thread 0x000001fdfc046ff0 Thread added: 0x000001fd8ac33da0
Event: 18312.833 Thread 0x000001fd8ac33da0 Thread added: 0x000001fdfe0a5e80
Event: 18312.874 Thread 0x000001fdfe0a5e80 Thread added: 0x000001fdfc044770
Event: 18312.937 Thread 0x000001fdfc044770 Thread added: 0x000001fd84d2d9d0
Event: 18331.187 Thread 0x000001fdfc04df50 Thread exited: 0x000001fdfc04df50
Event: 18331.187 Thread 0x000001fdfc04c600 Thread exited: 0x000001fdfc04c600
Event: 18331.188 Thread 0x000001fdfc04a7a0 Thread exited: 0x000001fdfc04a7a0
Event: 18331.193 Thread 0x000001fdfc0460c0 Thread exited: 0x000001fdfc0460c0
Event: 18340.353 Thread 0x000001fdfe934e10 Thread exited: 0x000001fdfe934e10
Event: 18340.368 Thread 0x000001fdfe932fb0 Thread exited: 0x000001fdfe932fb0


Dynamic libraries:
0x00007ff6cb4d0000 - 0x00007ff6cb4de000 	C:\Program Files\Microsoft\jdk-17.0.13.11-hotspot\bin\java.exe
0x00007ffa4f630000 - 0x00007ffa4f847000 	C:\Windows\SYSTEM32\ntdll.dll
0x00007ffa4de50000 - 0x00007ffa4df14000 	C:\Windows\System32\KERNEL32.DLL
0x00007ffa4cb40000 - 0x00007ffa4cefa000 	C:\Windows\System32\KERNELBASE.dll
0x00007ffa4cf30000 - 0x00007ffa4d041000 	C:\Windows\System32\ucrtbase.dll
0x00007ff9db760000 - 0x00007ff9db77d000 	C:\Program Files\Microsoft\jdk-17.0.13.11-hotspot\bin\VCRUNTIME140.dll
0x00007ff9db780000 - 0x00007ff9db797000 	C:\Program Files\Microsoft\jdk-17.0.13.11-hotspot\bin\jli.dll
0x00007ffa4f2b0000 - 0x00007ffa4f45e000 	C:\Windows\System32\USER32.dll
0x00007ffa4d050000 - 0x00007ffa4d076000 	C:\Windows\System32\win32u.dll
0x00007ffa26160000 - 0x00007ffa263f2000 	C:\Windows\WinSxS\amd64_microsoft.windows.common-controls_6595b64144ccf1df_6.0.22621.4541_none_2710d1c57384c085\COMCTL32.dll
0x00007ffa4ddb0000 - 0x00007ffa4ddd9000 	C:\Windows\System32\GDI32.dll
0x00007ffa4dfc0000 - 0x00007ffa4e067000 	C:\Windows\System32\msvcrt.dll
0x00007ffa4c9a0000 - 0x00007ffa4cabb000 	C:\Windows\System32\gdi32full.dll
0x00007ffa4c900000 - 0x00007ffa4c99a000 	C:\Windows\System32\msvcp_win.dll
0x00007ffa4f520000 - 0x00007ffa4f551000 	C:\Windows\System32\IMM32.DLL
0x00007ffa2c190000 - 0x00007ffa2c19c000 	C:\Program Files\Microsoft\jdk-17.0.13.11-hotspot\bin\vcruntime140_1.dll
0x00007ff9db6d0000 - 0x00007ff9db75d000 	C:\Program Files\Microsoft\jdk-17.0.13.11-hotspot\bin\msvcp140.dll
0x00007ff9d3b10000 - 0x00007ff9d4781000 	C:\Program Files\Microsoft\jdk-17.0.13.11-hotspot\bin\server\jvm.dll
0x00007ffa4f460000 - 0x00007ffa4f512000 	C:\Windows\System32\ADVAPI32.dll
0x00007ffa4d990000 - 0x00007ffa4da37000 	C:\Windows\System32\sechost.dll
0x00007ffa4cf00000 - 0x00007ffa4cf28000 	C:\Windows\System32\bcrypt.dll
0x00007ffa4d870000 - 0x00007ffa4d984000 	C:\Windows\System32\RPCRT4.dll
0x00007ffa4f560000 - 0x00007ffa4f5d1000 	C:\Windows\System32\WS2_32.dll
0x00007ffa42050000 - 0x00007ffa42084000 	C:\Windows\SYSTEM32\WINMM.dll
0x00007ffa4c720000 - 0x00007ffa4c76d000 	C:\Windows\SYSTEM32\POWRPROF.dll
0x00007ffa43540000 - 0x00007ffa4354a000 	C:\Windows\SYSTEM32\VERSION.dll
0x00007ffa4c600000 - 0x00007ffa4c613000 	C:\Windows\SYSTEM32\UMPDC.dll
0x00007ffa4b900000 - 0x00007ffa4b918000 	C:\Windows\SYSTEM32\kernel.appcore.dll
0x00007ff9db6c0000 - 0x00007ff9db6ca000 	C:\Program Files\Microsoft\jdk-17.0.13.11-hotspot\bin\jimage.dll
0x00007ffa4a1c0000 - 0x00007ffa4a3f2000 	C:\Windows\SYSTEM32\DBGHELP.DLL
0x00007ffa4e070000 - 0x00007ffa4e3ff000 	C:\Windows\System32\combase.dll
0x00007ffa4e5b0000 - 0x00007ffa4e687000 	C:\Windows\System32\OLEAUT32.dll
0x00007ffa30f70000 - 0x00007ffa30fa2000 	C:\Windows\SYSTEM32\dbgcore.DLL
0x00007ffa4d080000 - 0x00007ffa4d0fb000 	C:\Windows\System32\bcryptPrimitives.dll
0x00007ff9d39d0000 - 0x00007ff9d39de000 	C:\Program Files\Microsoft\jdk-17.0.13.11-hotspot\bin\instrument.dll
0x00007ff9db690000 - 0x00007ff9db6b5000 	C:\Program Files\Microsoft\jdk-17.0.13.11-hotspot\bin\java.dll
0x00007ff9d3a30000 - 0x00007ff9d3b07000 	C:\Program Files\Microsoft\jdk-17.0.13.11-hotspot\bin\jsvml.dll
0x00007ffa4e6f0000 - 0x00007ffa4ef68000 	C:\Windows\System32\SHELL32.dll
0x00007ffa4a7f0000 - 0x00007ffa4b0f8000 	C:\Windows\SYSTEM32\windows.storage.dll
0x00007ffa4a6b0000 - 0x00007ffa4a7ef000 	C:\Windows\SYSTEM32\wintypes.dll
0x00007ffa4dc00000 - 0x00007ffa4dcfa000 	C:\Windows\System32\SHCORE.dll
0x00007ffa4dd00000 - 0x00007ffa4dd5e000 	C:\Windows\System32\shlwapi.dll
0x00007ffa4c830000 - 0x00007ffa4c85b000 	C:\Windows\SYSTEM32\profapi.dll
0x00007ff9da780000 - 0x00007ff9da798000 	C:\Program Files\Microsoft\jdk-17.0.13.11-hotspot\bin\zip.dll
0x00007ff9da7c0000 - 0x00007ff9da7da000 	C:\Program Files\Microsoft\jdk-17.0.13.11-hotspot\bin\net.dll
0x00007ffa45a40000 - 0x00007ffa45b76000 	C:\Windows\SYSTEM32\WINHTTP.dll
0x00007ffa4bd70000 - 0x00007ffa4bdd9000 	C:\Windows\system32\mswsock.dll
0x00007ff9da7a0000 - 0x00007ff9da7b6000 	C:\Program Files\Microsoft\jdk-17.0.13.11-hotspot\bin\nio.dll
0x00007ff9d3a20000 - 0x00007ff9d3a30000 	C:\Program Files\Microsoft\jdk-17.0.13.11-hotspot\bin\verify.dll
0x00007ffa423a0000 - 0x00007ffa423c7000 	C:\Users\hp\.gradle\native\c067742578af261105cb4f569cf0c3c89f3d7b1fecec35dd04571415982c5e48\windows-amd64\native-platform.dll
0x00007ff9d3880000 - 0x00007ff9d39c4000 	C:\Users\hp\.gradle\native\100fb08df4bc3b14c8652ba06237920a3bd2aa13389f12d3474272988ae205f9\windows-amd64\native-platform-file-events.dll
0x00007ff9d3a00000 - 0x00007ff9d3a0a000 	C:\Program Files\Microsoft\jdk-17.0.13.11-hotspot\bin\management.dll
0x00007ff9d39f0000 - 0x00007ff9d39fb000 	C:\Program Files\Microsoft\jdk-17.0.13.11-hotspot\bin\management_ext.dll
0x00007ffa4f5e0000 - 0x00007ffa4f5e8000 	C:\Windows\System32\PSAPI.DLL
0x00007ffa4c0c0000 - 0x00007ffa4c0db000 	C:\Windows\SYSTEM32\CRYPTSP.dll
0x00007ffa4b860000 - 0x00007ffa4b895000 	C:\Windows\system32\rsaenh.dll
0x00007ffa4be10000 - 0x00007ffa4be38000 	C:\Windows\SYSTEM32\USERENV.dll
0x00007ffa4c0a0000 - 0x00007ffa4c0ac000 	C:\Windows\SYSTEM32\CRYPTBASE.dll
0x00007ffa4b360000 - 0x00007ffa4b38d000 	C:\Windows\SYSTEM32\IPHLPAPI.DLL
0x00007ffa4dbf0000 - 0x00007ffa4dbf9000 	C:\Windows\System32\NSI.dll
0x00007ffa45930000 - 0x00007ffa45949000 	C:\Windows\SYSTEM32\dhcpcsvc6.DLL
0x00007ffa45910000 - 0x00007ffa4592f000 	C:\Windows\SYSTEM32\dhcpcsvc.DLL
0x00007ffa4b390000 - 0x00007ffa4b492000 	C:\Windows\SYSTEM32\DNSAPI.dll
0x00007ff9d39e0000 - 0x00007ff9d39e9000 	C:\Program Files\Microsoft\jdk-17.0.13.11-hotspot\bin\extnet.dll
0x00007ff9d3870000 - 0x00007ff9d387e000 	C:\Program Files\Microsoft\jdk-17.0.13.11-hotspot\bin\sunmscapi.dll
0x00007ffa4d100000 - 0x00007ffa4d266000 	C:\Windows\System32\CRYPT32.dll
0x00007ffa4c1d0000 - 0x00007ffa4c1fd000 	C:\Windows\SYSTEM32\ncrypt.dll
0x00007ffa4c190000 - 0x00007ffa4c1c7000 	C:\Windows\SYSTEM32\NTASN1.dll
0x00007ffa40730000 - 0x00007ffa40738000 	C:\Windows\system32\wshunix.dll
0x00007ffa1d070000 - 0x00007ffa1d087000 	C:\Windows\system32\napinsp.dll
0x00007ff9e0400000 - 0x00007ff9e041b000 	C:\Windows\system32\pnrpnsp.dll
0x00007ff9e03e0000 - 0x00007ff9e03f1000 	C:\Windows\System32\winrnr.dll
0x00007ffa41de0000 - 0x00007ffa41df5000 	C:\Windows\system32\wshbth.dll
0x00007ffa1a670000 - 0x00007ffa1a697000 	C:\Windows\system32\nlansp_c.dll
0x00007ffa43440000 - 0x00007ffa4344a000 	C:\Windows\System32\rasadhlp.dll
0x00007ffa423d0000 - 0x00007ffa42453000 	C:\Windows\System32\fwpuclnt.dll
0x00007ffa4ba10000 - 0x00007ffa4ba44000 	C:\Windows\SYSTEM32\ntmarta.dll
0x00007ffa42bf0000 - 0x00007ffa42bf7000 	C:\Program Files\Microsoft\jdk-17.0.13.11-hotspot\bin\rmi.dll

dbghelp: loaded successfully - version: 4.0.5 - missing functions: none
symbol engine: initialized successfully - sym options: 0x614 - pdb path: .;C:\Program Files\Microsoft\jdk-17.0.13.11-hotspot\bin;C:\Windows\SYSTEM32;C:\Windows\WinSxS\amd64_microsoft.windows.common-controls_6595b64144ccf1df_6.0.22621.4541_none_2710d1c57384c085;C:\Program Files\Microsoft\jdk-17.0.13.11-hotspot\bin\server;C:\Users\hp\.gradle\native\c067742578af261105cb4f569cf0c3c89f3d7b1fecec35dd04571415982c5e48\windows-amd64;C:\Users\hp\.gradle\native\100fb08df4bc3b14c8652ba06237920a3bd2aa13389f12d3474272988ae205f9\windows-amd64

VM Arguments:
jvm_args: -XX:MaxMetaspaceSize=512m --add-opens=java.base/java.util=ALL-UNNAMED --add-opens=java.base/java.lang=ALL-UNNAMED --add-opens=java.base/java.lang.invoke=ALL-UNNAMED --add-opens=java.prefs/java.util.prefs=ALL-UNNAMED --add-exports=jdk.compiler/com.sun.tools.javac.api=ALL-UNNAMED --add-exports=jdk.compiler/com.sun.tools.javac.util=ALL-UNNAMED --add-opens=java.base/java.nio.charset=ALL-UNNAMED --add-opens=java.base/java.net=ALL-UNNAMED --add-opens=java.base/java.util.concurrent.atomic=ALL-UNNAMED -Xmx2048m -Dfile.encoding=windows-1252 -Duser.country=IN -Duser.language=en -Duser.variant -javaagent:C:\Users\hp\.gradle\wrapper\dists\gradle-8.10.2-all\7iv73wktx1xtkvlq19urqw1wm\gradle-8.10.2\lib\agents\gradle-instrumentation-agent-8.10.2.jar 
java_command: org.gradle.launcher.daemon.bootstrap.GradleDaemon 8.10.2
java_class_path (initial): C:\Users\hp\.gradle\wrapper\dists\gradle-8.10.2-all\7iv73wktx1xtkvlq19urqw1wm\gradle-8.10.2\lib\gradle-daemon-main-8.10.2.jar
Launcher Type: SUN_STANDARD

[Global flags]
     intx CICompilerCount                          = 4                                         {product} {ergonomic}
   size_t CompressedClassSpaceSize                 = 436207616                                 {product} {ergonomic}
     uint ConcGCThreads                            = 2                                         {product} {ergonomic}
     uint G1ConcRefinementThreads                  = 8                                         {product} {ergonomic}
   size_t G1HeapRegionSize                         = 1048576                                   {product} {ergonomic}
    uintx GCDrainStackTargetSize                   = 64                                        {product} {ergonomic}
   size_t InitialHeapSize                          = 130023424                                 {product} {ergonomic}
   size_t MarkStackSize                            = 4194304                                   {product} {ergonomic}
   size_t MaxHeapSize                              = 2147483648                                {product} {command line}
   size_t MaxMetaspaceSize                         = 536870912                                 {product} {command line}
   size_t MaxNewSize                               = 1287651328                                {product} {ergonomic}
   size_t MinHeapDeltaBytes                        = 1048576                                   {product} {ergonomic}
   size_t MinHeapSize                              = 8388608                                   {product} {ergonomic}
    uintx NonNMethodCodeHeapSize                   = 5839372                                {pd product} {ergonomic}
    uintx NonProfiledCodeHeapSize                  = 122909434                              {pd product} {ergonomic}
    uintx ProfiledCodeHeapSize                     = 122909434                              {pd product} {ergonomic}
    uintx ReservedCodeCacheSize                    = 251658240                              {pd product} {ergonomic}
     bool SegmentedCodeCache                       = true                                      {product} {ergonomic}
   size_t SoftMaxHeapSize                          = 2147483648                             {manageable} {ergonomic}
     bool UseCompressedClassPointers               = true                           {product lp64_product} {ergonomic}
     bool UseCompressedOops                        = true                           {product lp64_product} {ergonomic}
     bool UseG1GC                                  = true                                      {product} {ergonomic}
     bool UseLargePagesIndividualAllocation        = false                                  {pd product} {ergonomic}

Logging:
Log output configuration:
 #0: stdout all=warning uptime,level,tags
 #1: stderr all=off uptime,level,tags

Environment Variables:
JAVA_HOME=C:\Program Files\Microsoft\jdk-17.0.13.11-hotspot\
CLASSPATH=D:\appinopNew\mgp\android\\gradle\wrapper\gradle-wrapper.jar
PATH=D:\appinopNew\mgp\node_modules\.bin;D:\appinopNew\node_modules\.bin;D:\node_modules\.bin;C:\Users\hp\AppData\Roaming\npm\node_modules\npm\node_modules\@npmcli\run-script\lib\node-gyp-bin;C:\Program Files\Microsoft\jdk-17.0.13.11-hotspot\bin;C:\Program Files\Common Files\Oracle\Java\javapath;C:\Windows\system32;C:\Windows;C:\Windows\System32\Wbem;C:\Windows\System32\WindowsPowerShell\v1.0\;C:\Windows\System32\OpenSSH\;C:\ProgramData\chocolatey\bin;C:\Program Files\Git\cmd;C:\Program Files\nodejs\;C:\Users\hp\AppData\Local\Android\Sdk\platform-tools;C:\Users\hp\.javacpp\cache\javacpp-1.5.9-windows-x86_64.jar\org\bytedeco\javacpp\windows-x86_64;C:\Users\hp\AppData\Local\Programs\Microsoft VS Code\bin;C:\Users\hp\AppData\Roaming\npm;C:\Users\hp\AppData\Local\Android\Sdk\platform-tools;
USERNAME=hp
LANG=en_US.UTF-8
OS=Windows_NT
PROCESSOR_IDENTIFIER=Intel64 Family 6 Model 154 Stepping 4, GenuineIntel
TMP=C:\Users\hp\AppData\Local\Temp
TEMP=C:\Users\hp\AppData\Local\Temp



Periodic native trim disabled


---------------  S Y S T E M  ---------------

OS:
 Windows 11 , 64 bit Build 22621 (10.0.22621.4391)
OS uptime: 0 days 5:08 hours
Hyper-V role detected

CPU: total 8 (initial active 8) (4 cores per cpu, 2 threads per core) family 6 model 154 stepping 4 microcode 0x432, cx8, cmov, fxsr, ht, mmx, 3dnowpref, sse, sse2, sse3, ssse3, sse4.1, sse4.2, popcnt, lzcnt, tsc, tscinvbit, avx, avx2, aes, erms, clmul, bmi1, bmi2, adx, sha, fma, vzeroupper, clflush, clflushopt, clwb, hv
Processor Information for processor 0
  Max Mhz: 1200, Current Mhz: 1200, Mhz Limit: 1200
Processor Information for processor 1
  Max Mhz: 1200, Current Mhz: 1200, Mhz Limit: 1200
Processor Information for processor 2
  Max Mhz: 1200, Current Mhz: 1200, Mhz Limit: 1200
Processor Information for processor 3
  Max Mhz: 1200, Current Mhz: 1200, Mhz Limit: 1200
Processor Information for processor 4
  Max Mhz: 1200, Current Mhz: 900, Mhz Limit: 900
Processor Information for processor 5
  Max Mhz: 1200, Current Mhz: 900, Mhz Limit: 900
Processor Information for processor 6
  Max Mhz: 1200, Current Mhz: 900, Mhz Limit: 900
Processor Information for processor 7
  Max Mhz: 1200, Current Mhz: 900, Mhz Limit: 900

Memory: 4k page, system-wide physical 7865M (22M free)
TotalPageFile size 24318M (AvailPageFile size 162M)
current process WorkingSet (physical memory assigned to process): 303M, peak: 1468M
current process commit charge ("private bytes"): 1908M, peak: 2149M

vm_info: OpenJDK 64-Bit Server VM (17.0.13+11-LTS) for windows-amd64 JRE (17.0.13+11-LTS), built on Oct 11 2024 23:25:05 by "MicrosoftCorporation" with unknown MS VC++:1939

END.
